Symbol,Price,Type,Strike,"Exp Date",DTE,Bid,Midpoint,Ask,Last,Volume,"Open Int",Vol/OI,IV,Time
SNAP,6.59,Call,10.50,10/26/18,2,0.02,0.03,0.04,0.04,519,416,1.25,367.61%,10/24/18
SNAP,6.59,Call,9.00,10/26/18,2,0.06,0.07,0.07,0.07,2130,3967,0.54,309.12%,10/24/18
SNAP,6.59,Call,7.00,10/26/18,2,0.42,0.43,0.43,0.43,4965,7246,0.69,306.16%,10/24/18
SNAP,6.59,Call,7.50,10/26/18,2,0.25,0.27,0.28,0.28,1579,5462,0.29,305.51%,10/24/18
SNAP,6.59,Call,8.50,10/26/18,2,0.07,0.09,0.11,0.11,1696,4255,0.4,305.40%,10/24/18
SNAP,6.59,Call,6.50,10/26/18,2,0.61,0.63,0.65,0.62,2239,2583,0.87,297.22%,10/24/18
SNAP,6.59,Call,8.00,10/26/18,2,0.16,0.18,0.19,0.16,1808,5854,0.31,293.30%,10/24/18
PTI,5.35,Call,2.50,01/18/19,86,2.70,3.25,3.80,3.67,500,3315,0.15,283.71%,10/24/18
AMD,22.79,Call,34.00,10/26/18,2,0.02,0.04,0.05,0.04,1187,2024,0.59,263.38%,10/24/18
INFI,2.22,Call,3.00,11/16/18,23,0.05,0.23,0.40,0.35,508,4565,0.11,261.90%,10/24/18
CRON,7.63,Call,11.50,10/26/18,2,0.00,0.03,0.05,0.01,1038,1939,0.54,257.60%,10/24/18
AMD,22.79,Call,22.50,10/26/18,2,1.78,1.85,1.91,1.87,1155,315,3.67,257.46%,10/24/18
AVEO,2.17,Call,1.00,12/21/18,58,1.25,1.35,1.45,1.35,581,8519,0.07,253.90%,10/24/18
AMD,22.79,Call,35.00,10/26/18,2,0.02,0.03,0.03,0.02,1186,4501,0.26,253.21%,10/24/18
AMD,22.79,Call,22.00,10/26/18,2,2.03,2.11,2.18,2.09,1499,505,2.97,251.86%,10/24/18
AMD,22.79,Call,23.00,10/26/18,2,1.55,1.62,1.69,1.59,5209,983,5.3,250.48%,10/24/18
TWTR,27.54,Call,28.00,10/26/18,2,1.77,1.83,1.88,1.83,665,3139,0.21,250.29%,10/24/18
AMD,22.79,Call,32.50,10/26/18,2,0.04,0.05,0.06,0.05,1302,2167,0.6,247.52%,10/24/18
TWTR,27.54,Call,27.50,10/26/18,2,1.29,1.75,2.20,2.03,1579,242,6.52,247.37%,10/24/18
TSLA,288.5,Call,312.50,10/26/18,2,7.55,7.9,8.25,11.90,655,401,1.63,246.30%,10/24/18
AMD,22.79,Call,23.50,10/26/18,2,1.32,1.37,1.42,1.35,4577,1084,4.22,246.08%,10/24/18
AMD,22.79,Call,34.50,10/26/18,2,0.02,0.03,0.04,0.02,787,1587,0.5,246.03%,10/24/18
AMD,22.79,Call,24.00,10/26/18,2,1.12,1.17,1.21,1.15,7883,2167,3.64,244.25%,10/24/18
AMD,22.79,Call,31.50,10/26/18,2,0.05,0.09,0.13,0.07,502,2373,0.21,243.72%,10/24/18
TWTR,27.54,Call,29.00,10/26/18,2,1.25,1.34,1.42,1.37,2938,3253,0.9,241.68%,10/24/18
TWTR,27.54,Call,29.50,10/26/18,2,1.09,1.16,1.23,1.20,1280,1800,0.71,241.38%,10/24/18
TSLA,288.5,Call,450.00,10/26/18,2,0.11,0.13,0.15,0.13,1599,1335,1.2,240.57%,10/24/18
AMD,22.79,Call,24.50,10/26/18,2,0.93,0.95,0.97,0.96,3214,2545,1.26,240.55%,10/24/18
AMD,22.79,Call,30.00,10/26/18,2,0.10,0.11,0.12,0.12,9723,15149,0.64,239.11%,10/24/18
AMD,22.79,Call,32.00,10/26/18,2,0.05,0.06,0.07,0.05,803,8850,0.09,238.76%,10/24/18
AMD,22.79,Call,25.00,10/26/18,2,0.77,0.81,0.84,0.80,18765,8299,2.26,238.17%,10/24/18
TWTR,27.54,Call,30.00,10/26/18,2,0.97,1.01,1.05,1.02,7231,7219,1,237.50%,10/24/18
AMD,22.79,Call,28.50,10/26/18,2,0.16,0.19,0.22,0.21,3003,3655,0.82,235.57%,10/24/18
AMD,22.79,Call,30.50,10/26/18,2,0.06,0.09,0.12,0.09,795,3359,0.24,235.50%,10/24/18
TWTR,27.54,Call,38.00,10/26/18,2,0.00,0.11,0.21,0.07,679,351,1.93,234.65%,10/24/18
AMD,22.79,Call,25.50,10/26/18,2,0.63,0.64,0.65,0.65,5086,4380,1.16,234.01%,10/24/18
AMD,22.79,Call,26.50,10/26/18,2,0.40,0.42,0.44,0.45,5002,4409,1.13,233.85%,10/24/18
TWTR,27.54,Call,30.50,10/26/18,2,0.78,0.85,0.92,0.86,874,1059,0.83,233.84%,10/24/18
TWTR,27.54,Call,31.00,10/26/18,2,0.66,0.71,0.75,0.74,5382,6466,0.83,233.48%,10/24/18
AMD,22.79,Call,29.50,10/26/18,2,0.10,0.13,0.16,0.13,2322,2896,0.8,232.14%,10/24/18
AMD,22.79,Call,29.00,10/26/18,2,0.13,0.16,0.18,0.16,5760,8618,0.67,231.75%,10/24/18
TSLA,288.5,Call,420.00,10/26/18,2,0.20,0.26,0.32,0.30,593,316,1.88,231.66%,10/24/18
AMD,22.79,Call,26.00,10/26/18,2,0.52,0.55,0.58,0.53,9646,9169,1.05,231.64%,10/24/18
AMD,22.79,Call,27.00,10/26/18,2,0.30,0.33,0.35,0.35,9388,9996,0.94,228.95%,10/24/18
TSLA,288.5,Call,410.00,10/26/18,2,0.36,0.42,0.48,0.40,2078,302,6.88,228.51%,10/24/18
TWTR,27.54,Call,31.50,10/26/18,2,0.53,0.59,0.65,0.59,700,2344,0.3,226.16%,10/24/18
AMD,22.79,Call,28.00,10/26/18,2,0.22,0.23,0.24,0.22,7191,8864,0.81,225.28%,10/24/18
TSLA,288.5,Call,400.00,10/26/18,2,0.48,0.59,0.69,0.53,3417,1489,2.29,224.88%,10/24/18
AMD,22.79,Call,27.50,10/26/18,2,0.26,0.27,0.28,0.27,4265,6120,0.7,224.85%,10/24/18
TWTR,27.54,Call,37.00,10/26/18,2,0.04,0.12,0.20,0.08,3457,196,17.64,224.36%,10/24/18
MRNS,5.25,Call,10.00,11/16/18,23,0.25,0.28,0.30,0.25,1200,2350,0.51,223.97%,10/24/18
TSLA,288.5,Call,405.00,10/26/18,2,0.01,0.23,0.45,0.41,1376,322,4.27,222.73%,10/24/18
TWTR,27.54,Call,32.50,10/26/18,2,0.30,0.39,0.48,0.40,510,951,0.54,221.33%,10/24/18
TWTR,27.54,Call,35.00,10/26/18,2,0.08,0.14,0.19,0.16,1562,2085,0.75,220.67%,10/24/18
AMD,22.79,Call,31.00,10/26/18,2,0.05,0.07,0.08,0.05,3867,5037,0.77,220.59%,10/24/18
CNAT,4.3,Call,5.00,04/18/19,176,2.10,2.28,2.45,2.25,527,4876,0.11,219.28%,10/24/18
TWTR,27.54,Call,32.00,10/26/18,2,0.42,0.46,0.49,0.46,3308,2370,1.4,218.86%,10/24/18
TSLA,288.5,Call,390.00,10/26/18,2,0.58,0.76,0.94,0.60,549,659,0.83,215.03%,10/24/18
TWTR,27.54,Call,34.00,10/26/18,2,0.01,0.17,0.33,0.21,1020,2896,0.35,214.82%,10/24/18
TSLA,288.5,Call,380.00,10/26/18,2,0.80,0.84,0.88,0.85,1776,1069,1.66,212.97%,10/24/18
TWTR,27.54,Call,33.00,10/26/18,2,0.26,0.37,0.47,0.29,8256,2101,3.93,211.48%,10/24/18
TSLA,288.5,Call,370.00,10/26/18,2,1.05,1.08,1.11,1.11,2244,494,4.54,207.37%,10/24/18
TSLA,288.5,Call,375.00,10/26/18,2,0.89,1,1.11,0.89,974,383,2.54,206.69%,10/24/18
TSLA,288.5,Call,365.00,10/26/18,2,1.20,1.27,1.34,1.27,885,510,1.74,204.40%,10/24/18
TSLA,288.5,Call,360.00,10/26/18,2,1.45,1.52,1.59,1.55,1535,975,1.57,204.29%,10/24/18
NVAX,1.69,Call,3.00,04/18/19,176,0.35,0.53,0.70,0.65,561,2438,0.23,203.01%,10/24/18
TSLA,288.5,Call,355.00,10/26/18,2,1.73,1.77,1.80,1.77,1231,456,2.7,201.00%,10/24/18
TSLA,288.5,Call,345.00,10/26/18,2,2.20,2.58,2.95,2.60,1435,579,2.48,200.47%,10/24/18
TSLA,288.5,Call,270.00,10/26/18,2,25.00,26.5,28.00,27.40,887,3851,0.23,200.27%,10/24/18
TSLA,288.5,Call,275.00,10/26/18,2,23.90,24.95,26.00,24.27,611,1784,0.34,200.03%,10/24/18
TSLA,288.5,Call,297.50,10/26/18,2,11.55,12.4,13.25,13.15,1662,1221,1.36,199.64%,10/24/18
TSLA,288.5,Call,350.00,10/26/18,2,2.00,2.14,2.27,2.06,5505,2026,2.72,198.51%,10/24/18
TTNP,0.5,Call,2.50,05/17/19,205,0.05,0.08,0.10,0.10,520,898,0.58,198.11%,10/24/18
TSLA,288.5,Call,340.00,10/26/18,2,2.65,3,3.35,3.00,3447,2115,1.63,197.49%,10/24/18
TSLA,288.5,Call,287.50,10/26/18,2,17.00,17.38,17.75,17.30,536,1223,0.44,197.36%,10/24/18
TSLA,288.5,Call,285.00,10/26/18,2,17.25,18.13,19.00,18.50,1238,2084,0.59,196.98%,10/24/18
NBEV,4.5,Call,5.00,11/16/18,23,0.60,0.65,0.70,0.70,1135,2500,0.45,196.65%,10/24/18
TSLA,288.5,Call,302.50,10/26/18,2,10.60,10.98,11.35,11.00,931,625,1.49,195.89%,10/24/18
TSLA,288.5,Call,290.00,10/26/18,2,15.00,15.7,16.40,15.95,3873,4410,0.88,195.27%,10/24/18
TSLA,288.5,Call,280.00,10/26/18,2,19.95,20.85,21.75,21.00,770,4767,0.16,195.22%,10/24/18
TSLA,288.5,Call,342.50,10/26/18,2,1.81,2.46,3.10,2.59,1033,208,4.97,194.62%,10/24/18
TSLA,288.5,Call,292.50,10/26/18,2,13.65,14.33,15.00,14.78,1612,1092,1.48,194.61%,10/24/18
TSLA,288.5,Call,307.50,10/26/18,2,7.85,8.78,9.70,9.27,1081,256,4.22,194.55%,10/24/18
TSLA,288.5,Call,315.00,10/26/18,2,6.80,7.2,7.60,7.20,1917,1899,1.01,194.47%,10/24/18
TSLA,288.5,Call,310.00,10/26/18,2,8.00,8.48,8.95,8.50,4754,6630,0.72,194.09%,10/24/18
TSLA,288.5,Call,305.00,10/26/18,2,9.65,10.08,10.50,10.00,1619,1018,1.59,193.88%,10/24/18
TSLA,288.5,Call,332.50,10/26/18,2,2.60,3.33,4.05,3.78,1045,340,3.07,193.81%,10/24/18
TSLA,288.5,Call,300.00,10/26/18,2,11.50,11.7,11.90,11.71,8806,8883,0.99,193.74%,10/24/18
TSLA,288.5,Call,295.00,10/26/18,2,13.35,13.65,13.95,13.63,3223,2121,1.52,193.50%,10/24/18
TSLA,288.5,Call,335.00,10/26/18,2,2.29,3.12,3.95,3.40,2467,1086,2.27,193.19%,10/24/18
TSLA,288.5,Call,325.00,10/26/18,2,4.70,4.85,5.00,4.95,3086,1472,2.1,192.92%,10/24/18
TSLA,288.5,Call,330.00,10/26/18,2,4.00,4.05,4.10,4.10,5663,3050,1.86,192.84%,10/24/18
TSLA,288.5,Call,317.50,10/26/18,2,5.20,5.88,6.55,6.44,958,503,1.9,192.20%,10/24/18
NBEV,4.5,Call,6.00,11/16/18,23,0.35,0.4,0.45,0.42,1352,5590,0.24,191.87%,10/24/18
TSLA,288.5,Call,322.50,10/26/18,2,5.30,6.35,7.40,5.30,965,536,1.8,191.02%,10/24/18
TSLA,288.5,Call,320.00,10/26/18,2,5.75,5.88,6.00,5.75,6421,3416,1.88,190.17%,10/24/18
PTI,5.35,Call,7.50,01/18/19,86,0.90,1.28,1.65,1.30,999,1183,0.84,184.27%,10/24/18
ACRX,4.31,Call,5.00,11/16/18,23,0.50,0.53,0.55,0.54,1706,8285,0.21,181.45%,10/24/18
AKS,4.13,Call,4.50,10/26/18,2,0.05,0.07,0.09,0.09,1867,2504,0.75,179.77%,10/24/18
WIN,4.17,Call,5.00,11/16/18,23,0.26,0.39,0.52,0.45,570,12136,0.05,174.83%,10/24/18
CGC,37.76,Call,50.00,10/26/18,2,0.05,0.05,0.05,0.03,670,2004,0.33,174.81%,10/24/18
CRON,7.63,Call,9.00,10/26/18,2,0.00,0.03,0.05,0.05,967,1708,0.57,173.49%,10/24/18
SNAP,6.59,Call,10.50,11/02/18,9,0.03,0.04,0.04,0.04,1873,715,2.62,173.11%,10/24/18
TLRY,109.29,Call,140.00,10/26/18,2,0.10,0.15,0.20,0.15,599,1724,0.35,171.07%,10/24/18
FIT,4.58,Call,4.00,10/26/18,2,0.55,0.58,0.61,0.62,3052,717,4.26,170.97%,10/24/18
NBEV,4.5,Call,4.00,11/16/18,23,0.85,0.95,1.05,1.00,516,2828,0.18,170.19%,10/24/18
CRON,7.63,Call,14.00,11/16/18,23,0.05,0.1,0.15,0.15,2076,3413,0.61,169.19%,10/24/18
ESPR,40.81,Call,50.00,11/16/18,23,3.20,3.6,4.00,3.90,527,1748,0.3,169.02%,10/24/18
CRON,7.63,Call,8.50,10/26/18,2,0.10,0.13,0.15,0.10,2580,1660,1.55,163.84%,10/24/18
F,8.18,Call,10.00,10/26/18,2,0.01,0.02,0.03,0.02,579,4846,0.12,160.29%,10/24/18
TLRY,109.29,Call,130.00,10/26/18,2,0.40,0.5,0.60,0.45,660,683,0.97,160.11%,10/24/18
TLRY,109.29,Call,125.00,10/26/18,2,0.40,0.78,1.15,0.80,595,529,1.12,154.97%,10/24/18
SNAP,6.59,Call,6.50,11/02/18,9,0.65,0.68,0.71,0.67,742,1027,0.72,151.92%,10/24/18
NOK,5.26,Call,5.50,10/26/18,2,0.11,0.13,0.15,0.14,610,20939,0.03,151.73%,10/24/18
SNAP,6.59,Call,7.50,11/02/18,9,0.28,0.3,0.31,0.31,922,1394,0.66,151.70%,10/24/18
SNAP,6.59,Call,8.00,11/02/18,9,0.18,0.2,0.21,0.20,1133,7539,0.15,150.73%,10/24/18
SNAP,6.59,Call,9.00,11/02/18,9,0.07,0.09,0.10,0.08,699,6007,0.12,150.61%,10/24/18
SHOP,122.27,Call,135.00,10/26/18,2,1.20,1.43,1.65,1.45,599,167,3.59,149.74%,10/24/18
TLRY,109.29,Call,120.00,10/26/18,2,1.30,1.65,2.00,1.40,622,489,1.27,149.09%,10/24/18
GOOG,1050.71,Put,1205.00,01/18/19,86,158.80,163.65,168.50,162.65,2586,2649,0.98,148.63%,10/24/18
WHR,104.27,Call,109.00,10/26/18,2,2.13,2.44,2.75,2.69,671,182,3.69,148.48%,10/24/18
VKTX,12.4,Call,22.50,11/16/18,23,0.10,0.13,0.15,0.14,625,1756,0.36,147.36%,10/24/18
CGC,37.76,Call,45.00,10/26/18,2,0.05,0.13,0.20,0.10,746,2270,0.33,146.51%,10/24/18
SNAP,6.59,Call,7.00,11/02/18,9,0.44,0.45,0.45,0.44,1702,2210,0.77,146.39%,10/24/18
LL,12.57,Call,15.00,11/02/18,9,0.35,0.38,0.40,0.40,3386,267,12.68,146.16%,10/24/18
TLRY,109.29,Call,240.00,11/16/18,23,0.10,0.25,0.40,0.31,840,1770,0.47,144.21%,10/24/18
ESPR,40.81,Call,60.00,11/16/18,23,1.25,1.43,1.60,1.30,1519,5229,0.29,143.60%,10/24/18
DVN,32.13,Call,40.50,10/26/18,2,0.00,0.04,0.08,0.02,730,989,0.74,143.58%,10/24/18
CHK,3.92,Call,4.50,10/26/18,2,0.01,0.02,0.02,0.02,5722,8788,0.65,142.73%,10/24/18
EBAY,27.29,Call,35.00,10/26/18,2,0.00,0.01,0.01,0.01,681,2447,0.28,142.38%,10/24/18
AMD,22.79,Call,23.00,11/02/18,9,1.87,1.95,2.02,1.94,962,420,2.29,142.18%,10/24/18
NBEV,4.5,Call,7.00,03/15/19,142,0.85,0.93,1.00,0.95,875,1189,0.74,141.72%,10/24/18
CRON,7.63,Call,10.00,11/16/18,23,0.40,0.43,0.45,0.40,596,3650,0.16,141.66%,10/24/18
AMD,22.79,Call,23.50,11/02/18,9,1.63,1.71,1.78,1.71,1553,453,3.43,140.83%,10/24/18
AMD,22.79,Call,24.50,11/02/18,9,1.24,1.31,1.38,1.34,1365,996,1.37,140.59%,10/24/18
F,8.18,Call,9.50,10/26/18,2,0.01,0.02,0.03,0.03,4462,14003,0.32,139.45%,10/24/18
SWN,4.86,Call,5.50,10/26/18,2,0.02,0.03,0.03,0.03,2139,2587,0.83,139.29%,10/24/18
IMGN,5.88,Call,10.00,04/18/19,176,1.20,3.1,5.00,1.30,542,2049,0.26,139.16%,10/24/18
AMD,22.79,Call,24.00,11/02/18,9,1.43,1.51,1.58,1.49,2371,586,4.05,138.87%,10/24/18
EXAS,60.41,Call,73.00,11/02/18,9,0.75,1.28,1.80,1.53,2106,695,3.03,138.32%,10/24/18
AMD,22.79,Call,25.00,11/02/18,9,1.10,1.14,1.17,1.15,4635,3438,1.35,138.21%,10/24/18
CGC,37.76,Call,43.00,10/26/18,2,0.15,0.18,0.20,0.20,1910,2078,0.92,138.12%,10/24/18
TWTR,27.54,Call,29.50,11/02/18,9,1.46,1.58,1.69,1.60,527,621,0.85,137.34%,10/24/18
CGC,37.76,Call,44.00,10/26/18,2,0.10,0.13,0.15,0.12,1531,2638,0.58,137.18%,10/24/18
XXII,2.56,Call,3.00,11/16/18,23,0.20,0.23,0.25,0.20,647,3855,0.17,136.85%,10/24/18
TLRY,109.29,Call,250.00,11/16/18,23,0.05,0.15,0.25,0.15,542,852,0.64,136.71%,10/24/18
ESPR,40.81,Call,70.00,11/16/18,23,0.20,0.48,0.75,0.45,597,921,0.65,136.31%,10/24/18
DNR,4.3,Call,3.00,12/21/18,58,1.35,1.45,1.55,1.60,600,1947,0.31,136.01%,10/24/18
AMD,22.79,Call,25.50,11/02/18,9,0.95,1,1.05,0.98,780,885,0.88,135.99%,10/24/18
NVDA,199.41,Call,260.00,10/26/18,2,0.01,0.02,0.03,0.03,521,2028,0.26,135.96%,10/24/18
TWTR,27.54,Call,29.00,11/02/18,9,1.65,1.78,1.90,1.75,676,710,0.95,135.86%,10/24/18
TWTR,27.54,Call,30.00,11/02/18,9,1.30,1.42,1.53,1.40,511,942,0.54,134.98%,10/24/18
AMD,22.79,Call,26.50,11/02/18,9,0.65,0.71,0.77,0.73,1496,1304,1.15,134.82%,10/24/18
AMD,22.79,Call,26.00,11/02/18,9,0.77,0.84,0.90,0.84,2050,2035,1.01,134.79%,10/24/18
AMD,22.79,Call,27.00,11/02/18,9,0.54,0.61,0.68,0.63,1976,1455,1.36,134.60%,10/24/18
AAL,30.34,Call,35.00,10/26/18,2,0.05,0.09,0.13,0.11,552,2796,0.2,134.38%,10/24/18
AMD,22.79,Call,29.50,11/02/18,9,0.22,0.27,0.32,0.28,1374,1239,1.11,132.55%,10/24/18
AAL,30.34,Call,30.00,10/26/18,2,1.29,1.35,1.40,1.36,513,532,0.96,132.42%,10/24/18
NBEV,4.5,Call,5.00,03/15/19,142,1.30,1.35,1.40,1.30,603,1516,0.4,132.18%,10/24/18
AAL,30.34,Call,34.50,10/26/18,2,0.10,0.13,0.16,0.14,524,1497,0.35,132.05%,10/24/18
HEAR,17.5,Call,25.00,11/16/18,23,0.35,0.43,0.50,0.50,644,5334,0.12,132.05%,10/24/18
FCX,10.7,Call,13.00,10/26/18,2,0.00,0.01,0.01,0.01,655,3664,0.18,131.96%,10/24/18
TRXC,3.11,Call,4.00,11/16/18,23,0.15,0.18,0.20,0.15,1691,713,2.37,131.59%,10/24/18
NIO,6.17,Call,10.00,11/16/18,23,0.05,0.08,0.10,0.08,538,15182,0.04,130.39%,10/24/18
AMD,22.79,Call,27.50,11/02/18,9,0.44,0.51,0.58,0.50,1337,1466,0.91,130.36%,10/24/18
AMD,22.79,Call,30.00,11/02/18,9,0.20,0.23,0.26,0.22,1834,4484,0.41,129.85%,10/24/18
AAL,30.34,Call,32.50,10/26/18,2,0.39,0.41,0.43,0.42,2255,2059,1.1,129.70%,10/24/18
AAL,30.34,Call,31.00,10/26/18,2,0.81,0.85,0.89,0.87,2166,1653,1.31,129.04%,10/24/18
AMD,22.79,Call,28.50,11/02/18,9,0.31,0.38,0.44,0.35,608,838,0.73,128.64%,10/24/18
AAL,30.34,Call,33.00,10/26/18,2,0.29,0.31,0.33,0.31,4661,2179,2.14,128.13%,10/24/18
NVDA,199.41,Call,250.00,10/26/18,2,0.01,0.09,0.17,0.06,618,2672,0.23,127.93%,10/24/18
FIT,4.58,Call,4.00,11/02/18,9,0.69,0.71,0.73,0.71,585,298,1.96,127.77%,10/24/18
TSLA,288.5,Call,445.00,11/02/18,9,0.30,0.35,0.39,0.39,526,1181,0.45,127.49%,10/24/18
AMD,22.79,Call,28.00,11/02/18,9,0.40,0.47,0.53,0.40,1258,1803,0.7,127.41%,10/24/18
CGC,37.76,Call,41.50,10/26/18,2,0.20,0.28,0.35,0.31,641,163,3.93,127.25%,10/24/18
CGC,37.76,Call,39.00,10/26/18,2,0.70,0.8,0.90,0.90,803,645,1.24,126.49%,10/24/18
AAL,30.34,Call,34.00,10/26/18,2,0.12,0.16,0.20,0.16,760,1262,0.6,125.68%,10/24/18
CGC,37.76,Call,42.00,10/26/18,2,0.20,0.25,0.30,0.23,1053,896,1.18,125.08%,10/24/18
CGC,37.76,Call,41.00,10/26/18,2,0.25,0.33,0.40,0.37,784,652,1.2,124.53%,10/24/18
AMZN,1664.2,Call,1730.00,10/26/18,2,31.00,33.6,36.20,35.00,616,478,1.29,124.47%,10/24/18
AAL,30.34,Call,31.50,10/26/18,2,0.61,0.66,0.71,0.65,1062,714,1.49,124.37%,10/24/18
FCX,10.7,Call,12.50,10/26/18,2,0.00,0.02,0.03,0.02,2352,3761,0.63,124.27%,10/24/18
ERII,7.28,Call,12.50,11/16/18,23,0.00,0.03,0.05,0.05,537,825,0.65,124.03%,10/24/18
AMZN,1664.2,Call,1950.00,10/26/18,2,1.00,1.93,2.86,2.80,653,1408,0.46,123.63%,10/24/18
F,8.18,Call,9.00,10/26/18,2,0.05,0.06,0.07,0.06,8283,16042,0.52,123.41%,10/24/18
NVAX,1.69,Call,2.00,01/18/19,86,0.20,0.28,0.35,0.30,588,14449,0.04,123.31%,10/24/18
TSLA,288.5,Call,410.00,11/02/18,9,0.61,0.79,0.97,0.91,558,111,5.03,123.04%,10/24/18
AMZN,1664.2,Call,1700.00,10/26/18,2,41.70,45.28,48.85,44.59,918,571,1.61,122.24%,10/24/18
NOW,170.21,Call,180.00,10/26/18,2,2.05,2.35,2.65,2.60,522,252,2.07,122.22%,10/24/18
NIO,6.17,Call,9.00,11/16/18,23,0.10,0.13,0.15,0.12,739,7640,0.1,121.91%,10/24/18
AMZN,1664.2,Call,2000.00,10/26/18,2,1.10,1.3,1.50,1.25,827,2120,0.39,121.59%,10/24/18
F,8.18,Call,8.00,10/26/18,2,0.37,0.39,0.40,0.39,2087,1833,1.14,121.57%,10/24/18
CGC,37.76,Call,40.00,10/26/18,2,0.50,0.53,0.55,0.55,4956,3857,1.28,121.18%,10/24/18
RCL,106.97,Call,116.00,10/26/18,2,0.65,0.89,1.13,0.98,1064,1191,0.89,120.25%,10/24/18
AMZN,1664.2,Call,1780.00,10/26/18,2,16.25,18.63,21.00,19.83,653,399,1.64,119.92%,10/24/18
AMZN,1664.2,Call,1750.00,10/26/18,2,25.00,27.2,29.40,26.95,1368,743,1.84,119.68%,10/24/18
ZIOP,2.05,Call,5.00,01/18/19,86,0.00,0.05,0.10,0.05,776,12037,0.06,119.60%,10/24/18
TXMD,5.19,Call,6.00,11/16/18,23,0.10,0.25,0.40,0.34,714,2538,0.28,119.27%,10/24/18
MVIS,1.07,Call,2.00,02/15/19,114,0.05,0.1,0.15,0.09,679,4467,0.15,119.13%,10/24/18
TLRY,109.29,Call,150.00,11/16/18,23,2.60,2.9,3.20,2.85,966,2685,0.36,118.94%,10/24/18
TXMD,5.19,Call,7.00,11/16/18,23,0.05,0.13,0.20,0.15,1449,2759,0.53,118.90%,10/24/18
AMZN,1664.2,Call,1760.00,10/26/18,2,20.90,23.4,25.90,24.00,887,574,1.55,118.85%,10/24/18
AMZN,1664.2,Call,1970.00,10/26/18,2,1.00,1.67,2.33,1.65,508,570,0.89,118.37%,10/24/18
NVDA,199.41,Call,245.00,10/26/18,2,0.04,0.06,0.08,0.06,1149,2072,0.55,117.99%,10/24/18
AMZN,1664.2,Call,1770.00,10/26/18,2,18.50,20.9,23.30,21.15,773,916,0.84,117.68%,10/24/18
TRXC,3.11,Call,5.00,12/21/18,58,0.10,0.13,0.15,0.15,539,3126,0.17,117.46%,10/24/18
TSLA,288.5,Call,400.00,11/02/18,9,0.45,0.77,1.09,0.96,895,364,2.46,117.29%,10/24/18
CHK,3.92,Call,4.00,10/26/18,2,0.08,0.09,0.10,0.10,3231,1554,2.08,116.32%,10/24/18
AMZN,1664.2,Call,1900.00,10/26/18,2,3.60,4.18,4.75,4.00,1735,2533,0.68,115.57%,10/24/18
CGC,37.76,Call,42.00,11/02/18,9,0.90,1,1.10,1.25,1386,625,2.22,115.47%,10/24/18
NVDA,199.41,Call,240.00,10/26/18,2,0.05,0.08,0.11,0.10,979,2768,0.35,115.36%,10/24/18
WDC,52.34,Call,56.50,10/26/18,2,0.41,0.44,0.47,0.47,838,541,1.55,115.21%,10/24/18
AMZN,1664.2,Call,1800.00,10/26/18,2,12.50,14.15,15.80,14.25,2470,2081,1.19,114.94%,10/24/18
AMD,22.79,Call,25.00,11/09/18,16,1.25,1.35,1.44,1.36,1024,656,1.56,114.89%,10/24/18
AMZN,1664.2,Call,1850.00,10/26/18,2,6.50,7.78,9.05,7.45,1168,1482,0.79,113.99%,10/24/18
NIO,6.17,Call,8.00,11/16/18,23,0.15,0.18,0.20,0.20,812,9901,0.08,113.93%,10/24/18
AMD,22.79,Call,26.00,11/09/18,16,0.95,1.03,1.10,1.06,761,649,1.17,113.76%,10/24/18
TSLA,288.5,Call,290.00,11/02/18,9,19.50,20.25,21.00,19.92,706,1305,0.54,113.58%,10/24/18
SIRI,5.65,Call,6.50,10/26/18,2,0.00,0.01,0.01,0.01,1202,2426,0.5,113.26%,10/24/18
FIT,4.58,Call,4.00,11/16/18,23,0.74,0.77,0.80,0.83,1891,2813,0.67,112.26%,10/24/18
MSFT,102.32,Call,100.00,10/26/18,2,4.30,4.65,5.00,4.65,1606,731,2.2,112.25%,10/24/18
TSLA,288.5,Call,350.00,11/02/18,9,3.50,3.7,3.90,3.89,1472,1235,1.19,112.20%,10/24/18
TSLA,288.5,Call,310.00,11/02/18,9,11.35,11.7,12.05,12.00,1203,1265,0.95,111.88%,10/24/18
TRXC,3.11,Call,4.00,01/18/19,86,0.35,0.4,0.45,0.40,674,3142,0.21,111.72%,10/24/18
MSFT,102.32,Call,105.00,10/26/18,2,1.90,2.08,2.25,2.25,8936,1673,5.34,111.67%,10/24/18
NVDA,199.41,Call,200.00,10/26/18,2,6.15,6.43,6.70,6.29,873,113,7.73,111.33%,10/24/18
NVDA,199.41,Call,237.50,10/26/18,2,0.07,0.46,0.85,0.11,1572,1088,1.44,111.33%,10/24/18
TSLA,288.5,Call,305.00,11/02/18,9,13.00,13.63,14.25,13.47,778,522,1.49,110.93%,10/24/18
TSLA,288.5,Call,300.00,11/02/18,9,14.00,15,16.00,15.27,2828,2171,1.3,110.90%,10/24/18
MSFT,102.32,Call,102.00,10/26/18,2,3.00,3.38,3.75,3.50,558,377,1.48,110.35%,10/24/18
INTC,42.42,Call,43.00,10/26/18,2,1.03,1.08,1.13,1.12,680,778,0.87,110.04%,10/24/18
SNAP,6.59,Call,6.50,11/16/18,23,0.73,0.76,0.79,0.77,549,949,0.58,109.85%,10/24/18
F,8.18,Call,8.50,10/26/18,2,0.15,0.17,0.18,0.14,16048,11865,1.35,109.62%,10/24/18
MSFT,102.32,Call,125.00,10/26/18,2,0.02,0.03,0.03,0.02,1296,770,1.68,109.33%,10/24/18
SNAP,6.59,Call,7.50,11/16/18,23,0.36,0.38,0.40,0.40,3483,919,3.79,109.11%,10/24/18
TSLA,288.5,Call,320.00,11/02/18,9,6.50,7.68,8.85,8.75,789,728,1.08,109.05%,10/24/18
TRXC,3.11,Call,5.50,12/21/18,58,0.10,0.15,0.20,0.08,587,2021,0.29,108.90%,10/24/18
NFLX,301.83,Call,370.00,10/26/18,2,0.02,0.05,0.07,0.05,881,3648,0.24,108.88%,10/24/18
AMD,22.79,Call,23.00,11/16/18,23,2.23,2.32,2.40,2.40,572,1535,0.37,108.62%,10/24/18
PG,89.46,Call,82.00,10/26/18,2,7.40,7.5,7.60,7.96,680,1160,0.59,108.53%,10/24/18
ROKU,50.74,Call,55.00,10/26/18,2,0.25,0.33,0.40,0.35,733,1514,0.48,108.26%,10/24/18
TRVG,5.52,Call,5.00,11/16/18,23,0.75,0.85,0.95,0.87,1438,692,2.08,107.91%,10/24/18
CGC,37.76,Call,45.00,11/16/18,23,1.50,1.63,1.75,1.75,1018,2072,0.49,107.80%,10/24/18
ROKU,50.74,Call,56.00,10/26/18,2,0.14,0.21,0.28,0.22,756,718,1.05,107.47%,10/24/18
NIO,6.17,Call,7.00,11/16/18,23,0.30,0.35,0.40,0.37,1535,6595,0.23,107.31%,10/24/18
TSLA,288.5,Call,340.00,11/02/18,9,4.00,5.4,6.80,4.60,525,504,1.04,106.96%,10/24/18
SNAP,6.59,Call,8.00,11/16/18,23,0.24,0.27,0.29,0.27,1223,21649,0.06,106.93%,10/24/18
AMD,22.79,Call,23.50,11/16/18,23,2.02,2.1,2.18,2.15,734,108,6.8,106.84%,10/24/18
CGC,37.76,Call,50.00,11/16/18,23,0.80,0.9,1.00,0.89,764,4651,0.16,106.65%,10/24/18
TSLA,288.5,Call,650.00,11/16/18,23,0.03,0.04,0.04,0.04,1914,5483,0.35,106.65%,10/24/18
AMD,22.79,Call,24.00,11/16/18,23,1.79,1.87,1.95,1.95,4391,2515,1.75,106.60%,10/24/18
INTC,42.42,Call,44.00,10/26/18,2,0.62,0.66,0.69,0.71,1543,1326,1.16,106.10%,10/24/18
NVDA,199.41,Call,235.00,10/26/18,2,0.00,0.25,0.50,0.11,1951,2174,0.9,105.63%,10/24/18
INTC,42.42,Call,43.50,10/26/18,2,0.84,0.87,0.90,0.87,797,223,3.57,105.53%,10/24/18
FIT,4.58,Call,3.50,11/16/18,23,1.12,1.15,1.18,1.17,937,329,2.85,104.97%,10/24/18
OCUL,5.29,Call,7.50,12/21/18,58,0.20,0.28,0.35,0.30,674,2096,0.32,104.94%,10/24/18
AMD,22.79,Call,24.50,11/16/18,23,1.60,1.68,1.75,1.73,870,634,1.37,104.82%,10/24/18
SNAP,6.59,Call,7.00,11/16/18,23,0.51,0.54,0.56,0.53,15200,6306,2.41,104.81%,10/24/18
NVDA,199.41,Call,232.50,10/26/18,2,0.12,0.14,0.16,0.15,1763,613,2.88,104.71%,10/24/18
HTZ,13.06,Call,15.00,11/16/18,23,0.60,0.68,0.75,0.70,1653,710,2.33,104.50%,10/24/18
NOW,170.21,Call,187.50,10/26/18,2,0.55,0.73,0.90,0.70,963,147,6.55,104.46%,10/24/18
CGC,37.76,Call,42.00,11/16/18,23,2.20,2.33,2.45,2.40,728,171,4.26,104.41%,10/24/18
INTC,42.42,Call,44.50,10/26/18,2,0.47,0.51,0.54,0.55,750,717,1.05,104.35%,10/24/18
ACRX,4.31,Call,5.00,03/15/19,142,0.75,0.93,1.10,0.89,671,1437,0.47,104.24%,10/24/18
AMD,22.79,Call,25.50,11/16/18,23,1.27,1.34,1.41,1.40,670,2961,0.23,104.22%,10/24/18
MSFT,102.32,Call,106.00,10/26/18,2,1.13,1.42,1.70,1.70,7002,2335,3,104.18%,10/24/18
NBR,5,Call,6.00,11/02/18,9,0.00,0.03,0.06,0.06,1081,1298,0.83,104.08%,10/24/18
NFLX,301.83,Call,300.00,10/26/18,2,10.00,10.23,10.45,10.20,906,436,2.08,103.87%,10/24/18
NVDA,199.41,Call,230.00,10/26/18,2,0.15,0.2,0.25,0.20,5595,1985,2.82,103.43%,10/24/18
MSFT,102.32,Call,103.00,10/26/18,2,2.70,2.85,3.00,2.81,1586,691,2.3,103.26%,10/24/18
CELG,74.71,Call,80.00,10/26/18,2,0.52,0.62,0.72,0.60,554,119,4.66,103.18%,10/24/18
CLF,10.19,Call,11.50,10/26/18,2,0.01,0.02,0.02,0.02,1943,3502,0.55,103.09%,10/24/18
NFLX,301.83,Call,360.00,10/26/18,2,0.09,0.12,0.14,0.09,1249,4037,0.31,103.07%,10/24/18
JCP,1.43,Call,2.00,11/16/18,23,0.01,0.02,0.03,0.02,649,31258,0.02,102.69%,10/24/18
AMD,22.79,Call,40.00,11/16/18,23,0.02,0.04,0.06,0.04,528,5813,0.09,102.47%,10/24/18
PBR,15.11,Call,11.00,12/21/18,58,4.20,4.38,4.55,4.80,587,39911,0.01,102.29%,10/24/18
MSFT,102.32,Call,104.00,10/26/18,2,2.35,2.45,2.54,2.35,3208,774,4.14,102.13%,10/24/18
AMD,22.79,Call,25.00,11/16/18,23,1.42,1.49,1.56,1.50,2620,11830,0.22,101.91%,10/24/18
INTC,42.42,Call,45.00,10/26/18,2,0.35,0.38,0.41,0.41,3224,2655,1.21,101.91%,10/24/18
MSFT,102.32,Call,107.00,10/26/18,2,1.15,1.3,1.44,1.35,9353,4771,1.96,101.85%,10/24/18
NVDA,199.41,Call,225.00,10/26/18,2,0.29,0.33,0.37,0.37,10309,2157,4.78,101.75%,10/24/18
MSFT,102.32,Call,119.00,10/26/18,2,0.04,0.06,0.08,0.07,1307,767,1.7,101.74%,10/24/18
AMD,22.79,Call,26.00,11/16/18,23,1.11,1.18,1.25,1.20,1104,10800,0.1,101.34%,10/24/18
FIT,4.58,Call,4.50,10/26/18,2,0.15,0.17,0.18,0.18,4139,2532,1.63,101.31%,10/24/18
MSFT,102.32,Call,120.00,10/26/18,2,0.04,0.06,0.07,0.05,1295,2577,0.5,101.19%,10/24/18
INTC,42.42,Call,45.50,10/26/18,2,0.25,0.28,0.30,0.31,1755,2448,0.72,101.12%,10/24/18
NVDA,199.41,Call,227.50,10/26/18,2,0.19,0.87,1.54,0.25,1294,530,2.44,100.93%,10/24/18
NFLX,301.83,Call,355.00,10/26/18,2,0.10,0.12,0.13,0.13,1538,1880,0.82,100.90%,10/24/18
NVDA,199.41,Call,215.00,10/26/18,2,1.20,1.31,1.42,1.27,6588,274,24.04,100.77%,10/24/18
CHK,3.92,Call,4.50,11/02/18,9,0.06,0.07,0.07,0.07,3235,2940,1.1,100.36%,10/24/18
CGC,37.76,Call,40.00,11/16/18,23,2.80,2.95,3.10,2.90,707,815,0.87,100.13%,10/24/18
FFIV,161.6,Call,180.00,10/26/18,2,0.35,0.42,0.49,0.41,766,454,1.69,100.00%,10/24/18
NVDA,199.41,Call,222.50,10/26/18,2,0.32,0.43,0.54,0.48,4704,535,8.79,99.98%,10/24/18
AMD,22.79,Call,28.00,11/16/18,23,0.70,0.73,0.76,0.74,1101,13077,0.08,99.87%,10/24/18
REV,25.7,Call,30.00,11/16/18,23,0.85,1.2,1.55,1.15,788,1825,0.43,99.81%,10/24/18
TWTR,27.54,Call,29.50,11/16/18,23,1.77,1.87,1.97,1.99,938,272,3.45,99.79%,10/24/18
CRC,30.76,Call,45.00,12/21/18,58,0.95,1.08,1.20,1.35,516,509,1.01,99.73%,10/24/18
AMD,22.79,Call,27.00,11/16/18,23,0.90,0.95,0.99,0.93,5021,20637,0.24,99.72%,10/24/18
UAA,18.23,Call,20.50,11/02/18,9,0.31,0.37,0.43,0.40,506,537,0.94,99.70%,10/24/18
AMD,22.79,Call,29.00,11/16/18,23,0.53,0.58,0.62,0.58,1476,8449,0.17,99.66%,10/24/18
CHK,3.92,Call,4.00,11/02/18,9,0.18,0.2,0.21,0.21,659,487,1.35,99.50%,10/24/18
NVDA,199.41,Call,217.50,10/26/18,2,0.76,0.88,0.99,0.90,2201,258,8.53,99.42%,10/24/18
TSLA,288.5,Call,600.00,11/16/18,23,0.06,0.07,0.07,0.05,637,1830,0.35,99.23%,10/24/18
FFIV,161.6,Call,175.00,10/26/18,2,0.69,0.85,1.00,0.87,582,402,1.45,98.95%,10/24/18
WFT,2.16,Call,2.50,11/16/18,23,0.06,0.08,0.09,0.10,1428,1084,1.32,98.93%,10/24/18
NVDA,199.41,Call,220.00,10/26/18,2,0.63,0.67,0.70,0.63,6134,667,9.2,98.47%,10/24/18
INTC,42.42,Call,46.50,10/26/18,2,0.13,0.15,0.16,0.16,695,3001,0.23,98.27%,10/24/18
SQ,69.34,Call,80.50,10/26/18,2,0.02,0.03,0.04,0.04,506,612,0.83,98.12%,10/24/18
INTC,42.42,Call,48.00,10/26/18,2,0.05,0.06,0.07,0.06,960,7934,0.12,98.10%,10/24/18
AMD,22.79,Call,30.00,11/16/18,23,0.40,0.44,0.48,0.43,1583,32160,0.05,97.92%,10/24/18
I,32.89,Call,32.00,01/18/19,86,6.20,6.75,7.30,6.65,2003,2045,0.98,97.79%,10/24/18
HPE,15.09,Call,16.50,10/26/18,2,0.00,0.09,0.17,0.06,602,336,1.79,97.78%,10/24/18
INTC,42.42,Call,46.00,10/26/18,2,0.19,0.21,0.22,0.21,2113,5369,0.39,97.48%,10/24/18
CZR,8.47,Call,10.00,11/02/18,9,0.05,0.25,0.45,0.10,5865,15416,0.38,97.35%,10/24/18
INTC,42.42,Call,47.50,10/26/18,2,0.06,0.08,0.09,0.08,1531,1071,1.43,97.05%,10/24/18
MSFT,102.32,Call,118.00,10/26/18,2,0.05,0.07,0.08,0.07,3026,2254,1.34,96.99%,10/24/18
TWTR,27.54,Call,31.00,11/16/18,23,1.32,1.4,1.47,1.45,3041,2968,1.02,96.98%,10/24/18
MU,35.43,Call,35.00,10/26/18,2,1.20,1.23,1.25,1.24,2076,592,3.51,96.84%,10/24/18
AMD,22.79,Call,31.00,11/16/18,23,0.30,0.35,0.39,0.32,3270,8917,0.37,96.83%,10/24/18
INTC,42.42,Call,47.00,10/26/18,2,0.10,0.11,0.11,0.11,1627,4598,0.35,96.77%,10/24/18
PACB,3.99,Call,5.00,12/21/18,58,0.05,0.2,0.35,0.30,651,3577,0.18,96.66%,10/24/18
TWTR,27.54,Call,29.00,11/16/18,23,2.06,2.14,2.21,2.08,853,4060,0.21,96.53%,10/24/18
BXC,22.05,Call,25.00,11/16/18,23,0.85,1.2,1.55,1.10,817,483,1.69,96.37%,10/24/18
NFLX,301.83,Call,350.00,10/26/18,2,0.15,0.18,0.20,0.16,4860,5626,0.86,96.24%,10/24/18
TXMD,5.19,Call,9.00,12/21/18,58,0.05,0.1,0.15,0.09,587,3223,0.18,96.16%,10/24/18
MSFT,102.32,Call,117.00,10/26/18,2,0.04,0.07,0.10,0.09,1542,5083,0.3,96.09%,10/24/18
MU,35.43,Call,41.00,10/26/18,2,0.01,0.02,0.03,0.02,1485,4273,0.35,96.03%,10/24/18
TSLA,288.5,Call,390.00,11/09/18,16,1.41,1.96,2.50,2.00,685,430,1.59,95.99%,10/24/18
RIG,10.84,Call,11.50,10/26/18,2,0.04,0.06,0.07,0.09,571,187,3.05,95.77%,10/24/18
FIT,4.58,Call,4.50,11/16/18,23,0.45,0.47,0.48,0.48,1698,488,3.48,95.75%,10/24/18
MSFT,102.32,Call,114.00,10/26/18,2,0.16,0.21,0.25,0.21,3578,3765,0.95,95.45%,10/24/18
FIT,4.58,Call,5.00,11/16/18,23,0.25,0.27,0.28,0.28,705,5085,0.14,95.41%,10/24/18
VALE,14.5,Call,16.00,10/26/18,2,0.01,0.03,0.05,0.04,5045,3036,1.66,95.30%,10/24/18
NFLX,301.83,Call,310.00,10/26/18,2,5.20,5.33,5.45,5.15,2747,175,15.7,95.29%,10/24/18
MSFT,102.32,Call,108.00,10/26/18,2,0.98,1.04,1.10,0.95,8475,5226,1.62,95.29%,10/24/18
MU,35.43,Call,40.50,10/26/18,2,0.01,0.03,0.05,0.03,507,2949,0.17,95.28%,10/24/18
MSFT,102.32,Call,111.00,10/26/18,2,0.36,0.46,0.55,0.46,4715,6579,0.72,94.98%,10/24/18
SQ,69.34,Call,80.00,10/26/18,2,0.02,0.03,0.04,0.04,1451,2936,0.49,94.68%,10/24/18
TWTR,27.54,Call,30.00,11/16/18,23,1.66,1.73,1.79,1.68,4404,14252,0.31,94.50%,10/24/18
EAF,14.8,Call,20.00,11/16/18,23,0.10,0.43,0.75,0.20,794,2135,0.37,94.40%,10/24/18
MSFT,102.32,Call,109.00,10/26/18,2,0.68,0.78,0.87,0.73,5739,4738,1.21,94.04%,10/24/18
NFLX,301.83,Call,347.50,10/26/18,2,0.17,0.19,0.20,0.18,1123,1495,0.75,93.99%,10/24/18
MSFT,102.32,Call,110.00,10/26/18,2,0.55,0.6,0.64,0.57,10208,7969,1.28,93.89%,10/24/18
SGYP,1.28,Call,3.00,01/17/20,450,0.10,0.18,0.25,0.23,580,3181,0.18,93.67%,10/24/18
NFLX,301.83,Call,345.00,10/26/18,2,0.22,0.24,0.25,0.23,5485,3925,1.4,93.58%,10/24/18
NFLX,301.83,Call,315.00,10/26/18,2,3.50,3.6,3.70,3.50,3862,199,19.41,93.31%,10/24/18
TWTR,27.54,Call,33.00,11/16/18,23,0.83,0.91,0.98,0.90,734,22335,0.03,93.28%,10/24/18
SQ,69.34,Call,73.50,10/26/18,2,0.44,0.48,0.52,0.55,679,377,1.8,93.25%,10/24/18
SQ,69.34,Call,72.00,10/26/18,2,0.84,0.88,0.92,0.90,768,359,2.14,93.16%,10/24/18
NFLX,301.83,Call,317.50,10/26/18,2,2.71,2.85,2.98,2.88,2355,222,10.61,93.01%,10/24/18
AAPL,215.09,Put,220.00,01/17/20,450,24.40,25.55,26.70,26.12,505,3086,0.16,92.97%,10/24/18
MSFT,102.32,Call,116.00,10/26/18,2,0.05,0.08,0.11,0.10,2418,2564,0.94,92.72%,10/24/18
TWTR,27.54,Call,34.00,11/16/18,23,0.70,0.76,0.81,0.71,610,25095,0.02,92.41%,10/24/18
MSFT,102.32,Call,113.00,10/26/18,2,0.21,0.25,0.29,0.24,3829,3939,0.97,92.24%,10/24/18
NDLS,9.52,Call,12.50,11/16/18,23,0.05,0.1,0.15,0.15,1365,2519,0.54,92.11%,10/24/18
TWTR,27.54,Call,36.00,11/16/18,23,0.38,0.49,0.60,0.45,602,5840,0.1,92.10%,10/24/18
NFLX,301.83,Call,320.00,10/26/18,2,2.16,2.28,2.39,2.30,4817,703,6.85,91.96%,10/24/18
MSFT,102.32,Call,115.00,10/26/18,2,0.12,0.16,0.20,0.13,7396,13925,0.53,91.88%,10/24/18
IGT,16.38,Call,16.00,11/16/18,23,1.40,1.63,1.85,1.70,1561,5338,0.29,91.84%,10/24/18
MSFT,102.32,Call,112.00,10/26/18,2,0.31,0.37,0.42,0.31,10792,11875,0.91,91.64%,10/24/18
X,25.44,Call,27.50,11/02/18,9,0.62,0.64,0.66,0.71,506,1238,0.41,91.58%,10/24/18
BMY,48.83,Call,55.50,10/26/18,2,0.00,0.03,0.05,0.04,1501,1544,0.97,91.41%,10/24/18
DNR,4.3,Call,3.00,01/17/20,450,1.75,2.2,2.65,2.20,4358,3857,1.13,91.36%,10/24/18
NFLX,301.83,Call,342.50,10/26/18,2,0.20,0.26,0.32,0.26,1259,818,1.54,91.24%,10/24/18
NFLX,301.83,Call,340.00,10/26/18,2,0.30,0.34,0.38,0.34,9683,4927,1.97,91.20%,10/24/18
NFLX,301.83,Call,322.50,10/26/18,2,1.68,1.81,1.94,1.82,1610,318,5.06,91.08%,10/24/18
GOOG,1050.71,Call,1100.00,10/26/18,2,8.50,10.5,12.50,10.70,512,538,0.95,90.86%,10/24/18
SQ,69.34,Call,78.00,10/26/18,2,0.04,0.06,0.08,0.08,641,1352,0.47,90.75%,10/24/18
MU,35.43,Call,36.00,10/26/18,2,0.68,0.69,0.70,0.70,3486,125,27.89,90.61%,10/24/18
NFLX,301.83,Call,325.00,10/26/18,2,1.32,1.39,1.45,1.44,3867,1083,3.57,90.59%,10/24/18
TSLA,288.5,Call,280.00,11/16/18,23,29.20,30.05,30.90,30.50,601,2157,0.28,90.58%,10/24/18
SQ,69.34,Call,71.50,10/26/18,2,0.98,1.02,1.06,1.00,609,174,3.5,90.52%,10/24/18
LOW,96.53,Call,115.00,10/26/18,2,0.00,0.01,0.01,0.01,992,7936,0.13,90.52%,10/24/18
GOOGL,1057.12,Call,1100.00,10/26/18,2,12.10,13.45,14.80,12.30,800,710,1.13,90.26%,10/24/18
NFLX,301.83,Call,327.50,10/26/18,2,1.05,1.13,1.21,1.13,1550,1094,1.42,90.19%,10/24/18
NFLX,301.83,Call,330.00,10/26/18,2,0.81,0.89,0.96,0.89,8678,1618,5.36,90.14%,10/24/18
SQ,69.34,Call,72.50,10/26/18,2,0.68,0.71,0.73,0.71,1116,799,1.4,89.75%,10/24/18
SQ,69.34,Call,76.00,10/26/18,2,0.13,0.16,0.18,0.18,989,1286,0.77,89.07%,10/24/18
NFLX,301.83,Call,332.50,10/26/18,2,0.62,0.69,0.76,0.66,2575,700,3.68,89.00%,10/24/18
NFLX,301.83,Call,335.00,10/26/18,2,0.44,0.51,0.58,0.51,6123,1922,3.19,88.99%,10/24/18
NFLX,301.83,Call,337.50,10/26/18,2,0.32,0.4,0.48,0.39,1153,821,1.4,88.95%,10/24/18
BBBY,13.14,Call,14.00,10/26/18,2,0.02,0.13,0.24,0.08,653,829,0.79,88.87%,10/24/18
UNP,140.45,Call,143.00,10/26/18,2,1.74,1.89,2.04,2.59,539,182,2.96,88.82%,10/24/18
SQ,69.34,Call,73.00,10/26/18,2,0.58,0.6,0.62,0.58,1884,541,3.48,88.65%,10/24/18
SQ,69.34,Call,74.00,10/26/18,2,0.35,0.39,0.42,0.40,2324,651,3.57,88.64%,10/24/18
CGC,37.76,Call,40.00,12/21/18,58,4.30,4.45,4.60,4.47,687,808,0.85,88.44%,10/24/18
ABX,13.11,Call,13.00,10/26/18,2,0.36,0.38,0.40,0.40,786,2867,0.27,88.44%,10/24/18
CHK,3.92,Call,5.00,11/02/18,9,0.01,0.02,0.02,0.01,1502,3696,0.41,88.42%,10/24/18
ESRX,91.99,Call,80.00,11/16/18,23,12.20,13.4,14.60,15.15,6000,9150,0.66,88.29%,10/24/18
TXMD,5.19,Call,6.00,12/21/18,58,0.30,0.4,0.50,0.45,800,1064,0.75,88.28%,10/24/18
SQ,69.34,Call,77.00,10/26/18,2,0.10,0.11,0.11,0.11,971,1391,0.7,88.15%,10/24/18
MU,35.43,Call,40.00,10/26/18,2,0.02,0.03,0.03,0.03,3110,8285,0.38,87.96%,10/24/18
X,25.44,Call,26.00,11/02/18,9,1.18,1.21,1.23,1.16,559,184,3.04,87.81%,10/24/18
SQ,69.34,Call,75.00,10/26/18,2,0.23,0.25,0.27,0.26,2721,1989,1.37,87.76%,10/24/18
GOOGL,1057.12,Call,1150.00,10/26/18,2,1.35,2.93,4.50,3.28,594,680,0.87,87.58%,10/24/18
TSLA,288.5,Call,290.00,11/16/18,23,23.85,24.68,25.50,24.83,1040,2007,0.52,87.52%,10/24/18
MRVL,16.54,Call,18.00,10/26/18,2,0.01,0.05,0.08,0.05,925,3398,0.27,87.26%,10/24/18
CGC,37.76,Call,55.00,01/18/19,86,1.90,2.03,2.15,2.00,603,4163,0.14,87.02%,10/24/18
SQ,69.34,Call,76.50,10/26/18,2,0.12,0.13,0.14,0.13,987,963,1.02,86.95%,10/24/18
T,30.36,Call,35.00,10/26/18,2,0.00,0.01,0.01,0.01,2456,8023,0.31,86.89%,10/24/18
ABX,13.11,Call,14.00,10/26/18,2,0.06,0.09,0.12,0.07,2586,3020,0.86,86.86%,10/24/18
SQ,69.34,Call,77.50,10/26/18,2,0.06,0.08,0.09,0.08,557,562,0.99,86.75%,10/24/18
LITE,53.45,Call,60.00,11/02/18,9,0.65,0.98,1.30,0.85,1281,801,1.6,86.42%,10/24/18
ABX,13.11,Call,13.50,10/26/18,2,0.16,0.18,0.20,0.18,1837,3515,0.52,86.34%,10/24/18
SQ,69.34,Call,74.50,10/26/18,2,0.28,0.31,0.34,0.30,577,500,1.15,86.10%,10/24/18
TSLA,288.5,Call,300.00,11/16/18,23,20.00,20.25,20.50,20.10,2388,9653,0.25,85.66%,10/24/18
URI,106.99,Call,120.00,10/26/18,2,0.00,0.13,0.25,0.10,1177,3142,0.37,85.55%,10/24/18
FCX,10.7,Call,12.00,10/26/18,2,0.01,0.02,0.02,0.01,4864,3211,1.51,85.49%,10/24/18
MRVL,16.54,Call,17.50,10/26/18,2,0.03,0.07,0.10,0.11,801,1526,0.52,85.39%,10/24/18
PRTK,7.7,Call,10.00,03/15/19,142,0.85,0.98,1.10,0.95,521,490,1.06,85.36%,10/24/18
ROKU,50.74,Call,55.00,11/02/18,9,1.13,1.23,1.32,1.20,546,687,0.79,85.31%,10/24/18
AMD,22.79,Call,15.00,01/18/19,86,8.30,8.5,8.70,8.50,965,92396,0.01,85.31%,10/24/18
TEVA,19.81,Call,21.50,10/26/18,2,0.05,0.06,0.07,0.06,546,655,0.83,85.26%,10/24/18
X,25.44,Call,28.50,11/02/18,9,0.38,0.4,0.42,0.40,870,818,1.06,85.15%,10/24/18
DNR,4.3,Call,6.00,12/21/18,58,0.15,0.18,0.20,0.15,994,11711,0.08,84.86%,10/24/18
MU,35.43,Call,39.50,10/26/18,2,0.03,0.04,0.05,0.04,854,1228,0.7,84.82%,10/24/18
NWL,15.94,Call,19.00,11/16/18,23,0.35,0.45,0.55,0.43,852,5396,0.16,84.66%,10/24/18
MU,35.43,Call,37.00,10/26/18,2,0.31,0.33,0.34,0.33,3912,584,6.7,84.64%,10/24/18
BBBY,13.14,Call,40.00,01/18/19,86,0.01,0.03,0.05,0.01,572,422,1.36,84.57%,10/24/18
EAF,14.8,Call,20.00,12/21/18,58,0.00,0.7,1.40,0.60,650,2006,0.32,84.56%,10/24/18
TSLA,288.5,Call,310.00,11/16/18,23,14.55,15.43,16.30,16.10,3049,7738,0.39,84.25%,10/24/18
TSLA,288.5,Call,315.00,11/16/18,23,13.75,14.35,14.95,14.50,622,1418,0.44,84.20%,10/24/18
TSLA,288.5,Call,325.00,11/16/18,23,10.95,11.33,11.70,11.70,725,1772,0.41,84.14%,10/24/18
YNDX,25.81,Call,28.00,11/16/18,23,1.00,1.1,1.20,1.35,1012,1886,0.54,84.07%,10/24/18
SWN,4.86,Call,5.50,11/16/18,23,0.12,0.14,0.16,0.19,530,102,5.2,83.96%,10/24/18
IPI,3.25,Call,4.00,12/21/18,58,0.15,0.18,0.20,0.20,730,4137,0.18,83.96%,10/24/18
GMS,16.11,Call,20.00,12/21/18,58,0.65,0.75,0.85,0.95,1000,362,2.76,83.78%,10/24/18
NVDA,199.41,Put,200.00,01/17/20,450,34.80,35.4,36.00,35.00,872,5918,0.15,83.76%,10/24/18
BMY,48.83,Call,54.00,10/26/18,2,0.06,0.1,0.13,0.07,850,2150,0.4,83.63%,10/24/18
CHK,3.92,Call,4.50,11/09/18,16,0.07,0.09,0.10,0.09,1036,1343,0.77,83.11%,10/24/18
TSLA,288.5,Call,320.00,11/16/18,23,10.70,12,13.30,12.75,1493,12049,0.12,83.10%,10/24/18
DXCM,124.84,Call,140.00,11/16/18,23,3.70,4.05,4.40,5.10,562,953,0.59,83.03%,10/24/18
DVAX,12.44,Call,13.00,01/17/20,450,4.20,4.3,4.40,4.40,865,1241,0.7,82.90%,10/24/18
PAGS,29.75,Call,32.50,12/21/18,58,2.20,2.3,2.40,2.90,4563,5598,0.82,82.66%,10/24/18
FCX,10.7,Call,11.50,10/26/18,2,0.03,0.06,0.08,0.04,3028,1469,2.06,82.65%,10/24/18
TSLA,288.5,Call,330.00,11/16/18,23,9.45,9.95,10.45,10.07,1144,7412,0.15,82.49%,10/24/18
TSLA,288.5,Call,340.00,11/16/18,23,7.10,7.83,8.55,7.97,642,2840,0.23,82.37%,10/24/18
M,32.22,Call,31.00,10/26/18,2,1.31,1.39,1.46,1.53,755,4083,0.18,82.12%,10/24/18
MU,35.43,Call,37.50,10/26/18,2,0.20,0.21,0.22,0.21,2000,544,3.68,82.11%,10/24/18
TSLA,288.5,Call,400.00,11/16/18,23,1.64,1.77,1.90,1.70,2227,2532,0.88,81.94%,10/24/18
TSLA,288.5,Call,355.00,11/16/18,23,4.70,5.35,6.00,5.45,961,1061,0.91,81.79%,10/24/18
TSLA,288.5,Call,385.00,11/16/18,23,2.16,2.46,2.75,2.52,630,1096,0.57,81.76%,10/24/18
CLNE,2.14,Call,3.00,03/15/19,142,0.10,0.15,0.20,0.20,800,1515,0.53,81.72%,10/24/18
MSFT,102.32,Call,105.00,11/02/18,9,2.38,3.24,4.10,4.10,1917,697,2.75,81.65%,10/24/18
TEVA,19.81,Call,21.00,10/26/18,2,0.03,0.09,0.14,0.11,569,1426,0.4,81.58%,10/24/18
CHK,3.92,Call,4.50,11/16/18,23,0.11,0.12,0.13,0.13,1908,12295,0.16,81.54%,10/24/18
TAL,22.74,Call,28.00,11/16/18,23,0.40,0.43,0.45,0.42,4330,11315,0.38,81.32%,10/24/18
TSLA,288.5,Call,370.00,11/16/18,23,2.03,3.02,4.00,3.65,1674,3323,0.5,81.26%,10/24/18
JD,21.76,Call,24.00,10/26/18,2,0.02,0.04,0.05,0.03,1078,3290,0.33,81.24%,10/24/18
GPOR,9.2,Call,10.00,11/16/18,23,0.25,0.35,0.45,0.45,676,1031,0.66,81.23%,10/24/18
TSLA,288.5,Call,380.00,11/16/18,23,2.80,2.9,3.00,2.80,1246,2562,0.49,81.20%,10/24/18
TSLA,288.5,Call,360.00,11/16/18,23,4.20,4.58,4.95,4.70,568,3600,0.16,81.17%,10/24/18
AMD,22.79,Call,24.00,01/18/19,86,2.75,2.93,3.10,3.15,644,6690,0.1,81.17%,10/24/18
TSLA,288.5,Call,350.00,11/16/18,23,5.40,5.88,6.35,6.00,4683,8174,0.57,81.00%,10/24/18
FIT,4.58,Call,4.00,12/21/18,58,0.81,0.84,0.86,0.90,665,337,1.97,80.97%,10/24/18
TSLA,288.5,Call,390.00,11/16/18,23,2.00,2.15,2.30,2.10,585,2098,0.28,80.83%,10/24/18
MU,35.43,Call,38.00,10/26/18,2,0.11,0.13,0.15,0.13,10008,961,10.41,80.54%,10/24/18
TSLA,288.5,Call,365.00,11/16/18,23,3.65,4.03,4.40,4.03,787,1570,0.5,80.53%,10/24/18
DDD,17.44,Call,18.00,10/26/18,2,0.15,0.24,0.33,0.20,546,766,0.71,80.50%,10/24/18
HSC,22.57,Call,25.00,11/16/18,23,0.60,0.93,1.25,0.95,1008,1653,0.61,80.38%,10/24/18
BUD,82.25,Call,92.00,10/26/18,2,0.01,0.07,0.12,0.06,768,130,5.91,80.32%,10/24/18
CHK,3.92,Call,5.00,11/16/18,23,0.04,0.05,0.06,0.05,1540,18959,0.08,80.22%,10/24/18
TXN,92.01,Call,107.00,10/26/18,2,0.01,0.02,0.02,0.01,1395,1852,0.75,79.82%,10/24/18
SFIX,24,Call,30.00,12/21/18,58,1.00,1.15,1.30,1.23,1261,1508,0.84,79.53%,10/24/18
IQ,22.4,Call,24.00,10/26/18,2,0.05,0.1,0.15,0.08,846,729,1.16,79.07%,10/24/18
CZR,8.47,Call,9.00,11/09/18,16,0.30,0.4,0.50,0.35,555,556,1,78.52%,10/24/18
PAGS,29.75,Call,30.00,11/16/18,23,2.05,2.18,2.30,2.25,5105,31886,0.16,78.50%,10/24/18
FCX,10.7,Call,11.00,10/26/18,2,0.12,0.13,0.13,0.13,4610,294,15.68,78.48%,10/24/18
AMD,22.79,Call,20.00,01/18/19,86,4.80,4.9,5.00,4.90,985,35520,0.03,78.46%,10/24/18
EXEL,13.98,Call,15.00,11/16/18,23,0.55,0.65,0.75,0.70,549,161,3.41,77.83%,10/24/18
AAL,30.34,Call,35.00,11/02/18,9,0.17,0.21,0.25,0.24,1431,1068,1.34,77.75%,10/24/18
CSIQ,13.1,Call,15.00,11/16/18,23,0.30,0.38,0.45,0.40,534,3851,0.14,77.69%,10/24/18
SQ,69.34,Call,75.00,11/09/18,16,2.30,2.4,2.49,2.40,817,677,1.21,77.47%,10/24/18
MU,35.43,Call,38.50,10/26/18,2,0.06,0.08,0.09,0.07,2452,1387,1.77,77.44%,10/24/18
BMY,48.83,Call,52.00,10/26/18,2,0.10,0.6,1.10,0.20,520,235,2.21,77.38%,10/24/18
SPLK,90.74,Call,100.00,10/26/18,2,0.05,0.15,0.25,0.10,507,198,2.56,77.17%,10/24/18
NBR,5,Call,6.00,11/16/18,23,0.08,0.09,0.10,0.10,10595,1276,8.3,77.07%,10/24/18
PAGS,29.75,Call,25.00,11/16/18,23,5.20,5.35,5.50,5.32,6003,26115,0.23,77.04%,10/24/18
GE,12.17,Call,13.50,10/26/18,2,0.00,0.01,0.01,0.01,517,9843,0.05,77.00%,10/24/18
AERI,53.99,Call,70.00,11/16/18,23,0.10,0.4,0.70,0.50,556,999,0.56,76.91%,10/24/18
MU,35.43,Call,39.00,10/26/18,2,0.05,0.06,0.06,0.04,4064,3492,1.16,76.79%,10/24/18
NVDA,199.41,Call,210.00,11/16/18,23,11.05,11.25,11.45,11.04,1345,229,5.87,76.27%,10/24/18
GE,12.17,Call,12.00,11/02/18,9,0.63,0.66,0.68,0.67,884,2369,0.37,76.11%,10/24/18
BABA,139.61,Call,139.00,11/02/18,9,6.45,6.58,6.70,7.00,770,1208,0.64,76.07%,10/24/18
MTCH,49.94,Call,60.00,11/16/18,23,0.85,0.95,1.05,0.95,624,3206,0.19,75.98%,10/24/18
SYNC,1.87,Call,2.50,01/18/19,86,0.05,0.08,0.10,0.10,1319,657,2.01,75.87%,10/24/18
NBR,5,Call,5.50,11/16/18,23,0.18,0.2,0.21,0.20,902,120,7.52,75.84%,10/24/18
SNAP,6.59,Call,7.00,12/21/18,58,0.61,0.65,0.68,0.64,1000,2978,0.34,75.74%,10/24/18
JD,21.76,Call,22.00,10/26/18,2,0.38,0.4,0.41,0.38,4857,1266,3.84,75.69%,10/24/18
PBR,15.11,Call,16.00,10/26/18,2,0.06,0.07,0.07,0.07,6606,15208,0.43,75.66%,10/24/18
V,134.26,Call,148.00,10/26/18,2,0.05,0.15,0.24,0.13,652,3535,0.18,75.44%,10/24/18
AMD,22.79,Call,30.00,12/21/18,58,0.72,0.87,1.01,0.78,688,510,1.35,75.17%,10/24/18
NVDA,199.41,Call,217.50,11/02/18,9,3.00,3.15,3.30,3.33,3354,151,22.21,75.07%,10/24/18
PBR,15.11,Call,15.50,10/26/18,2,0.14,0.17,0.20,0.18,888,2812,0.32,75.02%,10/24/18
F,8.18,Call,8.00,11/02/18,9,0.42,0.44,0.45,0.48,1181,286,4.13,74.95%,10/24/18
NVDA,199.41,Call,215.00,11/16/18,23,8.95,9.15,9.35,9.08,651,272,2.39,74.86%,10/24/18
NXPI,71.23,Call,95.00,11/09/18,16,0.02,0.16,0.30,0.17,810,1238,0.65,74.78%,10/24/18
PDD,17.32,Call,20.00,11/16/18,23,0.40,0.45,0.50,0.45,1528,6092,0.25,74.60%,10/24/18
BMY,48.83,Call,51.00,10/26/18,2,0.25,0.28,0.31,0.34,590,557,1.06,74.55%,10/24/18
AMD,22.79,Call,25.00,01/18/19,86,2.25,2.43,2.60,2.50,1736,41175,0.04,74.51%,10/24/18
EBAY,27.29,Call,30.00,11/02/18,9,0.30,0.34,0.37,0.40,1052,2687,0.39,74.49%,10/24/18
AMD,22.79,Call,27.00,02/15/19,114,2.07,2.38,2.68,2.39,537,3837,0.14,74.17%,10/24/18
AAL,30.34,Call,33.00,11/02/18,9,0.45,0.52,0.58,0.51,1884,1390,1.36,73.97%,10/24/18
AROC,10.02,Call,10.00,11/16/18,23,0.50,0.6,0.70,0.76,1015,203,5,73.94%,10/24/18
JD,21.76,Call,23.00,10/26/18,2,0.08,0.1,0.11,0.10,8842,2218,3.99,73.89%,10/24/18
TTWO,110.97,Call,155.00,11/16/18,23,0.20,0.35,0.50,0.35,682,7992,0.09,73.73%,10/24/18
BBD,8.66,Call,13.00,11/16/18,23,0.01,0.02,0.02,0.01,948,671,1.41,73.72%,10/24/18
COG,21.18,Call,27.00,11/16/18,23,0.10,0.15,0.20,0.20,8976,9824,0.91,73.68%,10/24/18
PBR,15.11,Call,16.00,11/02/18,9,0.30,0.33,0.35,0.36,580,12226,0.05,73.41%,10/24/18
AAL,30.34,Call,32.00,11/02/18,9,0.75,0.79,0.82,0.76,514,857,0.6,73.37%,10/24/18
CAT,112.34,Call,125.00,10/26/18,2,0.02,0.05,0.07,0.06,526,1221,0.43,73.31%,10/24/18
PAGS,29.75,Call,35.00,11/16/18,23,0.55,0.63,0.70,0.62,1877,11175,0.17,73.05%,10/24/18
ALKS,40.03,Call,45.00,11/16/18,23,1.15,1.33,1.50,1.25,1370,2038,0.67,72.98%,10/24/18
V,134.26,Call,136.00,10/26/18,2,1.80,2.07,2.34,2.13,1237,1004,1.23,72.88%,10/24/18
CLF,10.19,Call,11.00,10/26/18,2,0.02,0.04,0.05,0.02,2177,2483,0.88,72.64%,10/24/18
AMD,22.79,Call,26.00,01/18/19,86,1.95,2.12,2.28,2.10,807,7030,0.11,72.60%,10/24/18
GTT,33.26,Call,40.00,11/16/18,23,0.55,0.75,0.95,0.55,1866,1996,0.93,72.57%,10/24/18
FB,146.04,Call,140.00,11/02/18,9,9.90,10.05,10.20,10.03,520,684,0.76,72.56%,10/24/18
AMD,22.79,Call,27.00,01/18/19,86,1.62,1.74,1.86,1.82,1464,16259,0.09,72.56%,10/24/18
RH,104.17,Call,135.00,12/21/18,58,2.10,2.7,3.30,3.55,1923,1994,0.96,72.53%,10/24/18
TELL,8.5,Call,12.50,04/18/19,176,0.65,0.75,0.85,0.68,763,13540,0.06,72.43%,10/24/18
AMRX,17.74,Call,20.00,11/16/18,23,0.20,0.48,0.75,0.53,3003,3155,0.95,72.29%,10/24/18
CLF,10.19,Call,10.50,10/26/18,2,0.10,0.12,0.13,0.10,1910,537,3.56,72.25%,10/24/18
V,134.26,Call,147.00,10/26/18,2,0.09,0.15,0.20,0.14,612,1314,0.47,72.23%,10/24/18
NVDA,199.41,Call,220.00,11/16/18,23,7.10,7.3,7.50,7.10,563,593,0.95,72.01%,10/24/18
SQ,69.34,Call,75.00,11/16/18,23,2.76,2.84,2.91,2.88,598,15607,0.04,71.78%,10/24/18
V,134.26,Call,138.00,10/26/18,2,1.00,1.29,1.57,1.40,1543,1240,1.24,71.78%,10/24/18
JD,21.76,Call,22.50,10/26/18,2,0.20,0.21,0.22,0.19,1754,380,4.62,71.78%,10/24/18
FB,146.04,Call,150.00,11/02/18,9,4.70,4.8,4.90,4.90,1858,551,3.37,71.71%,10/24/18
X,25.44,Call,28.00,10/26/18,2,0.00,0.02,0.04,0.02,857,1334,0.64,71.66%,10/24/18
RH,104.17,Call,140.00,12/21/18,58,1.50,1.83,2.15,2.75,1834,2476,0.74,71.57%,10/24/18
V,134.26,Call,150.00,10/26/18,2,0.03,0.05,0.06,0.05,1268,2381,0.53,71.55%,10/24/18
T,30.36,Call,34.00,10/26/18,2,0.00,0.01,0.01,0.01,1724,15750,0.11,71.55%,10/24/18
V,134.26,Call,146.00,10/26/18,2,0.10,0.15,0.20,0.18,1335,800,1.67,71.48%,10/24/18
AMD,22.79,Call,28.00,01/18/19,86,1.35,1.54,1.72,1.53,8605,24921,0.35,71.44%,10/24/18
CZR,8.47,Call,9.00,11/16/18,23,0.30,0.38,0.45,0.40,3976,2111,1.88,71.35%,10/24/18
AMD,22.79,Call,30.00,01/18/19,86,1.00,1.14,1.28,1.13,3807,36114,0.11,71.33%,10/24/18
SOGO,5.69,Call,7.50,04/18/19,176,0.35,0.45,0.55,0.60,1003,698,1.44,71.28%,10/24/18
CMCSA,34.12,Call,36.00,10/26/18,2,0.10,0.38,0.65,0.15,7807,9809,0.8,71.24%,10/24/18
CMCSA,34.12,Call,34.50,10/26/18,2,0.50,1.57,2.64,0.55,654,254,2.57,71.23%,10/24/18
FEYE,16.79,Call,18.00,10/26/18,2,0.00,0.04,0.07,0.04,795,1277,0.62,71.10%,10/24/18
FIT,4.58,Call,7.00,02/15/19,114,0.10,0.14,0.18,0.17,560,3533,0.16,71.09%,10/24/18
CMCSA,34.12,Call,35.50,10/26/18,2,0.13,0.52,0.90,0.24,559,5421,0.1,71.07%,10/24/18
NVDA,199.41,Call,225.00,11/16/18,23,5.50,5.75,6.00,5.70,1416,2589,0.55,71.02%,10/24/18
TXN,92.01,Call,105.00,10/26/18,2,0.01,0.03,0.05,0.01,1244,2394,0.52,70.96%,10/24/18
NVDA,199.41,Call,220.00,11/02/18,9,2.37,2.56,2.74,2.45,1472,253,5.82,70.94%,10/24/18
CHK,3.92,Call,4.50,11/30/18,37,0.14,0.16,0.18,0.16,702,408,1.72,70.89%,10/24/18
TWTR,27.54,Call,30.00,12/21/18,58,2.09,2.17,2.25,2.20,1297,4529,0.29,70.86%,10/24/18
IQ,22.4,Call,25.00,11/16/18,23,0.70,0.75,0.80,0.70,1301,5005,0.26,70.79%,10/24/18
SEAS,25.8,Call,31.00,11/16/18,23,0.35,0.45,0.55,0.40,5113,8539,0.6,70.76%,10/24/18
AMD,22.79,Call,31.00,01/18/19,86,0.87,0.96,1.05,0.95,776,8081,0.1,70.73%,10/24/18
NFLX,301.83,Call,400.00,11/02/18,9,0.07,0.11,0.14,0.07,1806,1046,1.73,70.65%,10/24/18
TAL,22.74,Call,25.00,11/16/18,23,0.65,0.8,0.95,0.80,1390,7837,0.18,70.41%,10/24/18
FB,146.04,Call,148.00,11/02/18,9,5.60,5.7,5.80,5.60,545,110,4.95,70.40%,10/24/18
F,8.18,Call,9.50,11/02/18,9,0.04,0.05,0.05,0.04,1343,7229,0.19,70.33%,10/24/18
SQ,69.34,Call,80.00,11/16/18,23,1.52,1.58,1.63,1.58,766,6604,0.12,70.32%,10/24/18
TLRY,109.29,Call,100.00,01/18/19,86,18.80,20.1,21.40,19.70,1404,866,1.62,70.21%,10/24/18
NVDA,199.41,Call,222.50,11/02/18,9,1.87,2.03,2.18,1.97,1033,272,3.8,70.05%,10/24/18
TAL,22.74,Call,24.00,11/16/18,23,1.05,1.18,1.30,1.10,1906,1474,1.29,70.00%,10/24/18
NVDA,199.41,Call,230.00,11/16/18,23,4.30,4.5,4.70,4.50,726,1177,0.62,69.96%,10/24/18
V,134.26,Call,137.00,10/26/18,2,1.38,1.68,1.98,1.65,1036,401,2.58,69.94%,10/24/18
NVDA,199.41,Call,225.00,11/02/18,9,1.48,1.59,1.70,1.62,2192,491,4.46,69.94%,10/24/18
SNAP,6.59,Call,10.00,01/18/19,86,0.15,0.16,0.16,0.15,576,45286,0.01,69.82%,10/24/18
GM,30.56,Call,33.00,10/26/18,2,0.00,0.03,0.05,0.05,649,2043,0.32,69.82%,10/24/18
NWL,15.94,Call,18.00,12/21/18,58,0.80,0.93,1.05,1.05,526,2730,0.19,69.81%,10/24/18
V,134.26,Call,140.00,10/26/18,2,0.65,0.81,0.97,0.84,4879,2229,2.19,69.76%,10/24/18
FIT,4.58,Call,4.00,01/18/19,86,0.87,0.91,0.95,0.93,785,1011,0.78,69.71%,10/24/18
TSLA,288.5,Call,300.00,12/21/18,58,26.60,27.55,28.50,27.70,553,2689,0.21,69.69%,10/24/18
TWTR,27.54,Call,35.00,12/21/18,58,0.95,1,1.05,0.95,979,47697,0.02,69.66%,10/24/18
AMD,22.79,Call,35.00,01/18/19,86,0.41,0.53,0.64,0.48,1441,31753,0.05,69.62%,10/24/18
F,8.18,Call,9.00,11/02/18,9,0.09,0.1,0.10,0.10,1984,6390,0.31,69.61%,10/24/18
CZR,8.47,Call,10.00,11/16/18,23,0.10,0.18,0.25,0.15,5270,9719,0.54,69.61%,10/24/18
AMD,22.79,Call,40.00,01/18/19,86,0.17,0.21,0.25,0.21,705,19995,0.04,69.50%,10/24/18
AMD,22.79,Call,45.00,04/18/19,176,0.37,0.58,0.78,0.58,864,8201,0.11,69.50%,10/24/18
BABA,139.61,Call,140.00,10/26/18,2,2.61,2.68,2.74,2.69,1278,1042,1.23,69.49%,10/24/18
AMD,22.79,Call,30.00,04/18/19,176,2.02,2.29,2.55,2.30,904,12165,0.07,69.44%,10/24/18
ATUS,15.92,Call,19.00,11/16/18,23,0.10,0.25,0.40,0.25,1001,173,5.79,69.40%,10/24/18
AMZN,1664.2,Call,1710.00,11/02/18,9,50.10,53.45,56.80,53.20,555,348,1.59,69.39%,10/24/18
TTWO,110.97,Call,125.00,11/02/18,9,0.60,0.85,1.10,0.90,525,100,5.25,69.25%,10/24/18
NVDA,199.41,Call,227.50,11/02/18,9,1.15,1.26,1.37,1.28,736,298,2.47,69.16%,10/24/18
GE,12.17,Call,13.00,11/02/18,9,0.21,0.23,0.24,0.23,1193,17728,0.07,69.14%,10/24/18
AMD,22.79,Call,32.00,04/18/19,176,1.56,1.87,2.18,1.88,575,7155,0.08,68.95%,10/24/18
FB,146.04,Call,152.50,11/02/18,9,3.70,3.8,3.90,3.76,1489,1336,1.11,68.92%,10/24/18
NFLX,301.83,Call,320.00,11/02/18,9,6.05,6.2,6.35,6.31,776,143,5.43,68.90%,10/24/18
FEYE,16.79,Call,17.00,10/26/18,2,0.24,0.27,0.30,0.25,4510,746,6.05,68.88%,10/24/18
GPRO,6.01,Call,7.00,01/18/19,86,0.45,0.48,0.51,0.47,1694,8517,0.2,68.82%,10/24/18
NEM,31.76,Call,32.50,10/26/18,2,0.29,0.33,0.37,0.35,528,942,0.56,68.77%,10/24/18
PBR,15.11,Call,18.00,11/02/18,9,0.00,0.03,0.05,0.04,580,749,0.77,68.74%,10/24/18
AMD,22.79,Call,32.00,01/18/19,86,0.66,0.81,0.96,0.75,843,7917,0.11,68.74%,10/24/18
HIMX,5.72,Call,6.00,12/21/18,58,0.40,0.45,0.50,0.52,1000,3443,0.29,68.71%,10/24/18
PBR,15.11,Call,14.00,11/16/18,23,1.65,1.68,1.71,1.67,2021,70760,0.03,68.70%,10/24/18
MO,62.31,Call,61.00,10/26/18,2,1.82,1.9,1.98,2.02,770,262,2.94,68.67%,10/24/18
LAD,86.16,Call,80.00,11/16/18,23,7.10,7.55,8.00,9.40,1019,1034,0.99,68.51%,10/24/18
V,134.26,Call,145.00,10/26/18,2,0.00,0.15,0.30,0.20,1522,10222,0.15,68.45%,10/24/18
MGM,24.21,Call,25.00,10/26/18,2,0.13,0.17,0.20,0.20,812,705,1.15,68.43%,10/24/18
NVDA,199.41,Call,230.00,11/02/18,9,0.94,1.01,1.07,1.00,1058,880,1.2,68.41%,10/24/18
TSLA,288.5,Call,650.00,12/21/18,58,0.00,0.03,0.06,0.05,1946,5482,0.35,68.23%,10/24/18
IPHI,30.58,Call,35.00,11/16/18,23,0.50,0.6,0.70,0.70,998,1022,0.98,68.22%,10/24/18
MU,35.43,Call,36.00,11/02/18,9,1.24,1.26,1.28,1.27,1077,179,6.02,68.22%,10/24/18
NVDA,199.41,Call,235.00,11/02/18,9,0.58,0.62,0.65,0.64,853,522,1.63,68.21%,10/24/18
NVDA,199.41,Call,235.00,11/16/18,23,3.15,3.38,3.60,3.40,658,1087,0.61,68.19%,10/24/18
PBR,15.11,Call,13.00,01/18/19,86,2.67,2.75,2.82,3.15,15711,27431,0.57,68.16%,10/24/18
TWTR,27.54,Call,33.00,12/21/18,58,1.27,1.36,1.44,1.27,1233,9683,0.13,68.14%,10/24/18
AMD,22.79,Call,36.00,04/18/19,176,0.97,1.24,1.51,1.25,807,1998,0.4,68.13%,10/24/18
FB,146.04,Call,165.00,10/26/18,2,0.01,0.02,0.02,0.02,2026,13039,0.16,68.03%,10/24/18
FCX,10.7,Call,15.00,11/16/18,23,0.01,0.02,0.02,0.02,15220,46287,0.33,68.01%,10/24/18
F,8.18,Call,8.50,11/02/18,9,0.20,0.21,0.22,0.22,1195,3822,0.31,67.97%,10/24/18
FRAN,3.14,Call,4.00,12/21/18,58,0.05,0.13,0.20,0.10,500,551,0.91,67.89%,10/24/18
NVDA,199.41,Call,232.50,11/02/18,9,0.64,0.75,0.85,0.78,927,235,3.94,67.84%,10/24/18
TWTR,27.54,Call,37.00,12/21/18,58,0.51,0.64,0.76,0.62,842,3726,0.23,67.83%,10/24/18
FB,146.04,Call,155.00,11/02/18,9,2.86,2.96,3.05,2.92,2647,5489,0.48,67.83%,10/24/18
V,134.26,Call,139.00,10/26/18,2,0.75,0.97,1.18,1.00,1231,911,1.35,67.80%,10/24/18
BIDU,184.47,Call,200.00,10/26/18,2,0.18,0.21,0.23,0.22,584,1066,0.55,67.78%,10/24/18
EAF,14.8,Call,22.50,01/18/19,86,0.20,0.5,0.80,0.30,503,2285,0.22,67.77%,10/24/18
SQ,69.34,Call,73.50,11/02/18,9,1.41,1.47,1.52,1.41,642,108,5.94,67.77%,10/24/18
BABA,139.61,Call,155.00,10/26/18,2,0.03,0.04,0.05,0.05,1504,4802,0.31,67.71%,10/24/18
CMCSA,34.12,Call,35.00,10/26/18,2,0.28,0.32,0.36,0.34,6618,1495,4.43,67.69%,10/24/18
SQ,69.34,Call,80.00,11/02/18,9,0.30,0.34,0.37,0.33,1263,1916,0.66,67.58%,10/24/18
FB,146.04,Call,157.50,11/02/18,9,2.18,2.25,2.32,2.28,1246,2209,0.56,67.57%,10/24/18
SNAP,6.59,Call,11.00,04/18/19,176,0.23,0.28,0.32,0.29,738,22371,0.03,67.55%,10/24/18
SNAP,6.59,Call,13.00,04/18/19,176,0.14,0.18,0.21,0.15,569,4871,0.12,67.54%,10/24/18
QNST,12.93,Call,15.00,12/21/18,58,0.50,0.6,0.70,0.70,1075,2925,0.37,67.53%,10/24/18
TSLA,288.5,Call,290.00,01/18/19,86,36.40,37.48,38.55,37.80,1124,4001,0.28,67.36%,10/24/18
CAT,112.34,Call,122.00,10/26/18,2,0.10,0.12,0.14,0.12,551,439,1.26,67.34%,10/24/18
IQ,22.4,Call,22.50,10/26/18,2,0.35,0.4,0.45,0.40,587,625,0.94,67.33%,10/24/18
NVDA,199.41,Call,250.00,11/02/18,9,0.10,0.18,0.25,0.14,1844,1197,1.54,67.33%,10/24/18
AMZN,1664.2,Call,1800.00,11/02/18,9,23.00,25.05,27.10,24.61,533,646,0.83,67.30%,10/24/18
NVDA,199.41,Call,240.00,11/16/18,23,2.46,2.61,2.76,2.60,1159,3305,0.35,67.24%,10/24/18
GM,30.56,Call,32.00,10/26/18,2,0.06,0.11,0.16,0.15,989,1446,0.68,67.20%,10/24/18
NFLX,301.83,Call,325.00,11/02/18,9,4.60,4.75,4.90,4.77,942,314,3,67.19%,10/24/18
SNAP,6.59,Call,7.00,01/18/19,86,0.69,0.71,0.73,0.71,1351,5676,0.24,67.17%,10/24/18
BABA,139.61,Call,145.00,11/02/18,9,3.65,3.75,3.85,3.70,1141,694,1.64,67.02%,10/24/18
BAC,26.19,Call,29.00,10/26/18,2,0.00,0.01,0.01,0.01,701,24143,0.03,66.90%,10/24/18
AMZN,1664.2,Call,2010.00,11/02/18,9,2.16,2.88,3.60,2.80,525,115,4.57,66.84%,10/24/18
CHK,3.92,Call,4.50,12/21/18,58,0.19,0.21,0.22,0.22,635,120,5.29,66.76%,10/24/18
AMD,22.79,Call,24.00,04/18/19,176,3.85,4.1,4.35,3.85,598,1439,0.42,66.73%,10/24/18
BIDU,184.47,Call,192.50,10/26/18,2,0.87,1.08,1.28,1.00,731,387,1.89,66.55%,10/24/18
NVDA,199.41,Call,240.00,11/02/18,9,0.30,0.4,0.50,0.35,703,663,1.06,66.35%,10/24/18
DHI,34.42,Call,36.00,10/26/18,2,0.07,0.12,0.17,0.17,501,645,0.78,66.29%,10/24/18
EXAS,60.41,Call,65.00,01/18/19,86,4.50,5.15,5.80,6.10,511,1043,0.49,66.26%,10/24/18
TSLA,288.5,Call,335.00,12/21/18,58,12.30,14.13,15.95,15.00,2127,2308,0.92,66.25%,10/24/18
NFLX,301.83,Call,330.00,11/02/18,9,3.45,3.63,3.80,3.60,2156,926,2.33,66.20%,10/24/18
BABA,139.61,Call,148.00,11/02/18,9,2.64,2.72,2.80,2.71,996,515,1.93,66.16%,10/24/18
NVDA,199.41,Call,250.00,11/16/18,23,1.33,1.48,1.63,1.51,1551,6559,0.24,66.10%,10/24/18
FSLR,42.43,Call,47.50,11/16/18,23,0.76,0.81,0.85,1.12,609,1201,0.51,66.08%,10/24/18
TSLA,288.5,Call,300.00,01/18/19,86,32.30,32.93,33.55,32.93,1295,11923,0.11,66.06%,10/24/18
NVDA,199.41,Call,245.00,11/16/18,23,1.81,1.95,2.08,1.93,529,9181,0.06,66.05%,10/24/18
NWL,15.94,Call,20.00,12/21/18,58,0.30,0.43,0.55,0.52,1863,5872,0.32,66.02%,10/24/18
DXLG,2.92,Call,2.50,12/21/18,58,0.40,0.55,0.70,0.55,1000,4370,0.23,65.94%,10/24/18
BABA,139.61,Call,143.00,10/26/18,2,1.33,1.4,1.46,1.39,1757,500,3.51,65.94%,10/24/18
FB,146.04,Call,160.00,11/02/18,9,1.65,1.7,1.75,1.66,2510,3889,0.65,65.86%,10/24/18
NFLX,301.83,Call,327.50,11/02/18,9,4.00,4.15,4.30,4.03,513,319,1.61,65.83%,10/24/18
TXN,92.01,Call,101.00,10/26/18,2,0.02,0.07,0.12,0.05,751,974,0.77,65.68%,10/24/18
X,25.44,Call,33.00,11/16/18,23,0.11,0.12,0.12,0.12,1946,3606,0.54,65.68%,10/24/18
X,25.44,Call,27.50,10/26/18,2,0.00,0.03,0.05,0.03,1828,2500,0.73,65.66%,10/24/18
NFLX,301.83,Call,200.00,06/21/19,240,112.00,114.3,116.60,121.00,559,361,1.55,65.63%,10/24/18
V,134.26,Call,143.00,10/26/18,2,0.20,0.32,0.43,0.31,2160,1708,1.26,65.63%,10/24/18
SWN,4.86,Call,6.00,01/18/19,86,0.26,0.27,0.28,0.27,639,37952,0.02,65.60%,10/24/18
NWL,15.94,Call,19.00,12/21/18,58,0.55,0.68,0.80,0.70,683,1105,0.62,65.58%,10/24/18
GE,12.17,Call,13.50,11/02/18,9,0.10,0.12,0.13,0.11,1080,7181,0.15,65.58%,10/24/18
AMZN,1664.2,Call,1890.00,11/02/18,9,6.50,8.85,11.20,9.65,977,192,5.09,65.55%,10/24/18
V,134.26,Call,141.00,10/26/18,2,0.51,0.61,0.70,0.55,1063,1386,0.77,65.55%,10/24/18
BABA,139.61,Call,142.00,10/26/18,2,1.68,1.76,1.83,1.70,2825,1164,2.43,65.43%,10/24/18
AMZN,1664.2,Call,1950.00,11/02/18,9,4.55,6.1,7.65,5.00,1846,651,2.84,65.42%,10/24/18
NFLX,301.83,Call,370.00,11/02/18,9,0.20,0.28,0.35,0.31,543,1038,0.52,65.36%,10/24/18
BABA,139.61,Call,150.00,11/02/18,9,2.08,2.17,2.26,2.15,1013,4309,0.24,65.35%,10/24/18
NFLX,301.83,Call,332.50,11/02/18,9,2.95,3.15,3.35,3.05,1143,227,5.04,65.30%,10/24/18
FB,146.04,Call,162.50,11/02/18,9,1.15,1.22,1.29,1.23,595,2177,0.27,65.25%,10/24/18
NFLX,301.83,Call,342.50,11/02/18,9,1.58,1.68,1.78,1.75,672,149,4.51,65.24%,10/24/18
SNAP,6.59,Call,8.00,04/18/19,176,0.68,0.74,0.80,0.75,535,5069,0.11,65.18%,10/24/18
NFLX,301.83,Call,335.00,11/02/18,9,2.57,2.71,2.85,2.65,3539,1186,2.98,65.15%,10/24/18
TWTR,27.54,Call,27.00,01/18/19,86,3.55,3.73,3.90,3.80,596,5926,0.1,65.12%,10/24/18
BIDU,184.47,Call,195.00,10/26/18,2,0.50,0.58,0.66,0.57,940,1432,0.66,65.12%,10/24/18
V,134.26,Call,144.00,10/26/18,2,0.07,0.23,0.38,0.22,2272,546,4.16,65.10%,10/24/18
NVDA,199.41,Call,220.00,11/09/18,16,3.80,4.23,4.65,4.00,2482,145,17.12,65.10%,10/24/18
STX,41.68,Call,45.00,10/26/18,2,0.03,0.05,0.07,0.05,688,985,0.7,65.09%,10/24/18
NFLX,301.83,Call,340.00,11/02/18,9,1.90,2.01,2.12,2.00,2829,546,5.18,65.07%,10/24/18
AGNC,17.84,Call,19.00,10/26/18,2,0.00,0.03,0.05,0.04,800,3134,0.26,65.06%,10/24/18
RH,104.17,Call,160.00,12/21/18,58,0.40,0.63,0.85,0.71,1832,1887,0.97,65.04%,10/24/18
AMZN,1664.2,Call,1900.00,11/02/18,9,8.10,8.25,8.40,8.40,526,672,0.78,64.95%,10/24/18
CHK,3.92,Call,4.00,01/18/19,86,0.43,0.45,0.47,0.47,801,34441,0.02,64.94%,10/24/18
MU,35.43,Call,37.50,11/02/18,9,0.64,0.66,0.68,0.68,1036,135,7.67,64.94%,10/24/18
TXN,92.01,Call,96.00,10/26/18,2,0.15,0.23,0.30,0.47,666,101,6.59,64.88%,10/24/18
V,134.26,Call,142.00,10/26/18,2,0.25,0.41,0.57,0.40,2366,3169,0.75,64.84%,10/24/18
IQ,22.4,Call,23.00,10/26/18,2,0.15,0.23,0.30,0.20,853,712,1.2,64.83%,10/24/18
FB,146.04,Call,175.00,11/02/18,9,0.24,0.28,0.32,0.25,1012,3354,0.3,64.79%,10/24/18
BABA,139.61,Call,145.00,10/26/18,2,0.79,0.83,0.87,0.84,4065,1669,2.44,64.78%,10/24/18
DO,15.28,Call,30.00,01/18/19,86,0.00,0.07,0.14,0.04,526,846,0.62,64.65%,10/24/18
NVDA,199.41,Call,275.00,11/16/18,23,0.30,0.36,0.42,0.35,5577,10415,0.54,64.63%,10/24/18
RIG,10.84,Call,14.00,11/16/18,23,0.05,0.07,0.08,0.05,588,20150,0.03,64.52%,10/24/18
AMD,22.79,Call,65.00,01/17/20,450,0.84,0.92,0.99,0.93,4659,6708,0.69,64.44%,10/24/18
TSLA,288.5,Call,310.00,01/18/19,86,28.00,28.8,29.60,28.25,706,4124,0.17,64.41%,10/24/18
X,25.44,Call,27.00,11/16/18,23,1.05,1.08,1.10,1.04,949,1052,0.9,64.37%,10/24/18
FB,146.04,Call,170.00,11/02/18,9,0.44,0.51,0.58,0.47,1372,4712,0.29,64.32%,10/24/18
NBL,26.12,Call,30.00,11/16/18,23,0.45,0.5,0.55,0.50,1197,21567,0.06,64.31%,10/24/18
NFLX,301.83,Put,270.00,03/15/19,142,18.15,19.8,21.45,19.95,592,2020,0.29,64.30%,10/24/18
AMAT,31.81,Call,33.50,10/26/18,2,0.08,0.11,0.13,0.11,2636,571,4.62,64.29%,10/24/18
NVDA,199.41,Put,210.00,06/21/19,240,34.05,34.68,35.30,30.84,714,3508,0.2,64.27%,10/24/18
NFLX,301.83,Call,350.00,11/02/18,9,0.97,1.07,1.17,1.05,2612,1004,2.6,64.22%,10/24/18
NVDA,199.41,Put,220.00,06/21/19,240,39.70,40.4,41.10,33.90,1220,7744,0.16,64.21%,10/24/18
MU,35.43,Call,38.00,11/02/18,9,0.50,0.53,0.56,0.54,1988,706,2.82,64.19%,10/24/18
CY,11.76,Call,14.00,11/16/18,23,0.10,0.15,0.20,0.15,528,3803,0.14,64.15%,10/24/18
AMD,22.79,Call,20.00,01/17/20,450,7.60,7.8,8.00,7.80,607,29161,0.02,64.15%,10/24/18
BABA,139.61,Call,155.00,11/02/18,9,1.07,1.13,1.18,1.16,1228,1217,1.01,64.07%,10/24/18
X,25.44,Call,30.00,11/16/18,23,0.34,0.36,0.37,0.36,553,6746,0.08,64.03%,10/24/18
NE,5.16,Call,7.00,12/21/18,58,0.07,0.09,0.10,0.09,561,4913,0.11,64.03%,10/24/18
JD,21.76,Call,22.00,11/02/18,9,0.75,0.77,0.78,0.77,580,167,3.47,64.00%,10/24/18
NFLX,301.83,Call,360.00,11/02/18,9,0.50,0.54,0.58,0.54,680,1416,0.48,63.98%,10/24/18
NFLX,301.83,Call,355.00,11/02/18,9,0.68,0.77,0.85,0.75,1495,896,1.67,63.96%,10/24/18
CMCSA,34.12,Call,37.00,10/26/18,2,0.01,0.03,0.05,0.03,1278,1195,1.07,63.89%,10/24/18
BABA,139.61,Call,144.00,10/26/18,2,1.02,1.08,1.14,1.04,1780,1099,1.62,63.88%,10/24/18
BABA,139.61,Call,160.00,11/02/18,9,0.53,0.57,0.60,0.61,563,1590,0.35,63.85%,10/24/18
NOK,5.26,Call,4.00,01/18/19,86,1.30,1.37,1.44,1.43,960,4876,0.2,63.82%,10/24/18
NOK,5.26,Call,5.00,11/16/18,23,0.41,0.44,0.46,0.48,1188,585,2.03,63.82%,10/24/18
NVDA,199.41,Call,260.00,11/16/18,23,0.72,0.83,0.94,0.76,627,3670,0.17,63.77%,10/24/18
FB,146.04,Call,162.50,10/26/18,2,0.02,0.03,0.03,0.03,2703,8300,0.33,63.76%,10/24/18
TSLA,288.5,Call,350.00,12/21/18,58,8.55,10.2,11.85,10.70,656,3738,0.18,63.74%,10/24/18
FB,146.04,Call,165.00,11/02/18,9,0.80,0.88,0.95,0.85,1104,2734,0.4,63.73%,10/24/18
PBR,15.11,Call,16.00,11/16/18,23,0.58,0.61,0.64,0.62,3661,206792,0.02,63.70%,10/24/18
HIMX,5.72,Call,7.00,12/21/18,58,0.15,0.2,0.25,0.20,1604,1581,1.01,63.63%,10/24/18
BABA,139.61,Call,150.00,10/26/18,2,0.16,0.19,0.22,0.19,3064,6947,0.44,63.58%,10/24/18
SNAP,6.59,Call,9.00,04/18/19,176,0.48,0.52,0.55,0.50,561,12650,0.04,63.55%,10/24/18
CLF,10.19,Call,11.50,11/02/18,9,0.05,0.07,0.08,0.06,652,800,0.82,63.53%,10/24/18
SWN,4.86,Call,6.00,12/21/18,58,0.15,0.16,0.17,0.16,719,23197,0.03,63.53%,10/24/18
T,30.36,Call,33.50,10/26/18,2,0.00,0.01,0.01,0.01,2245,10292,0.22,63.53%,10/24/18
NXPI,71.23,Call,95.00,11/16/18,23,0.06,0.16,0.25,0.19,821,9408,0.09,63.52%,10/24/18
FCX,10.7,Call,12.50,11/02/18,9,0.02,0.03,0.04,0.03,561,2258,0.25,63.50%,10/24/18
FB,146.04,Call,167.50,11/02/18,9,0.65,0.68,0.71,0.61,588,1207,0.49,63.39%,10/24/18
AMD,22.79,Call,25.00,01/17/20,450,5.65,5.78,5.90,5.85,657,33659,0.02,63.39%,10/24/18
CY,11.76,Call,12.00,11/16/18,23,0.60,0.65,0.70,0.65,851,119,7.15,63.39%,10/24/18
BABA,139.61,Call,152.50,10/26/18,2,0.07,0.09,0.10,0.08,2147,5678,0.38,63.38%,10/24/18
NFLX,301.83,Call,345.00,11/02/18,9,1.30,1.41,1.52,1.35,781,945,0.83,63.32%,10/24/18
BABA,139.61,Call,146.00,10/26/18,2,0.59,0.64,0.68,0.61,2341,852,2.75,63.27%,10/24/18
SNAP,6.59,Call,10.00,04/18/19,176,0.30,0.37,0.44,0.34,1054,26155,0.04,63.13%,10/24/18
CZR,8.47,Call,12.00,12/21/18,58,0.00,0.05,0.10,0.10,10050,71115,0.14,63.13%,10/24/18
MU,35.43,Call,39.00,11/02/18,9,0.29,0.31,0.33,0.33,2009,903,2.22,63.09%,10/24/18
FB,146.04,Put,180.00,01/17/20,450,39.45,40.83,42.20,40.45,1357,3070,0.44,63.01%,10/24/18
BIDU,184.47,Call,190.00,10/26/18,2,1.44,1.61,1.77,1.40,909,313,2.9,62.93%,10/24/18
RH,104.17,Call,145.00,12/21/18,58,1.40,1.7,2.00,1.40,1933,2005,0.96,62.92%,10/24/18
JD,21.76,Call,24.00,11/16/18,23,0.60,0.62,0.64,0.60,1463,38465,0.04,62.91%,10/24/18
GM,30.56,Call,31.00,10/26/18,2,0.31,0.37,0.43,0.38,859,1038,0.83,62.84%,10/24/18
X,25.44,Call,26.00,10/26/18,2,0.23,0.25,0.27,0.25,732,124,5.9,62.83%,10/24/18
NVDA,199.41,Call,225.00,11/09/18,16,2.59,2.8,3.00,2.75,1076,183,5.88,62.76%,10/24/18
AMD,22.79,Call,30.00,01/17/20,450,4.40,4.7,5.00,4.40,1081,35304,0.03,62.76%,10/24/18
BABA,139.61,Call,147.00,10/26/18,2,0.44,0.48,0.52,0.45,2154,1183,1.82,62.72%,10/24/18
MU,35.43,Call,38.50,11/02/18,9,0.38,0.4,0.42,0.41,511,558,0.92,62.71%,10/24/18
CHK,3.92,Call,4.50,01/18/19,86,0.25,0.28,0.30,0.28,987,16411,0.06,62.71%,10/24/18
JD,21.76,Call,24.50,11/16/18,23,0.47,0.49,0.51,0.48,672,742,0.91,62.50%,10/24/18
AMD,22.79,Call,25.00,01/15/21,814,7.60,7.95,8.30,8.05,515,456,1.13,62.46%,10/24/18
FB,146.04,Call,145.00,10/26/18,2,3.15,3.28,3.40,3.25,589,379,1.55,62.45%,10/24/18
TWTR,27.54,Call,50.00,01/18/19,86,0.07,0.11,0.14,0.11,1418,17718,0.08,62.44%,10/24/18
BABA,139.61,Call,148.00,10/26/18,2,0.32,0.36,0.39,0.33,1590,2757,0.58,62.44%,10/24/18
TWTR,27.54,Call,31.00,01/18/19,86,2.01,2.13,2.24,2.13,506,3226,0.16,62.42%,10/24/18
M,32.22,Call,33.50,10/26/18,2,0.08,0.11,0.13,0.17,654,1782,0.37,62.40%,10/24/18
MU,35.43,Call,39.50,11/02/18,9,0.21,0.23,0.25,0.25,1017,575,1.77,62.36%,10/24/18
CLF,10.19,Call,11.00,11/02/18,9,0.11,0.13,0.15,0.13,1547,887,1.74,62.24%,10/24/18
TSLA,288.5,Call,400.00,12/21/18,58,2.50,3.35,4.20,3.80,522,4213,0.12,62.06%,10/24/18
ARNC,19.87,Call,24.00,11/16/18,23,0.08,0.14,0.20,0.19,2490,4491,0.55,61.99%,10/24/18
ARNC,19.87,Call,22.00,11/16/18,23,0.40,0.47,0.54,0.51,1850,13690,0.14,61.89%,10/24/18
CAT,112.34,Call,120.00,10/26/18,2,0.18,0.2,0.21,0.18,1511,1396,1.08,61.88%,10/24/18
CRM,133.26,Call,140.00,10/26/18,2,0.21,0.26,0.30,0.45,520,371,1.4,61.77%,10/24/18
CAT,112.34,Call,118.00,10/26/18,2,0.30,0.37,0.44,0.38,704,156,4.51,61.65%,10/24/18
DXC,73.25,Call,90.00,11/16/18,23,0.15,0.38,0.60,0.55,1957,3430,0.57,61.65%,10/24/18
BABA,139.61,Put,160.00,01/17/20,450,28.70,30.45,32.20,28.75,707,10513,0.07,61.63%,10/24/18
CAT,112.34,Call,115.00,10/26/18,2,1.00,1.09,1.18,1.01,1764,135,13.07,61.59%,10/24/18
CHK,3.92,Call,4.50,04/18/19,176,0.43,0.45,0.47,0.48,736,1502,0.49,61.53%,10/24/18
AMD,22.79,Call,35.00,01/17/20,450,3.20,3.53,3.85,3.25,1828,25224,0.07,61.46%,10/24/18
CHK,3.92,Call,5.00,01/18/19,86,0.15,0.16,0.17,0.16,1040,44507,0.02,61.45%,10/24/18
COG,21.18,Call,23.00,11/16/18,23,0.40,0.5,0.60,0.65,5725,2001,2.86,61.44%,10/24/18
JD,21.76,Call,27.00,11/16/18,23,0.13,0.14,0.15,0.14,1630,11315,0.14,61.32%,10/24/18
CY,11.76,Call,13.00,11/16/18,23,0.25,0.3,0.35,0.30,2016,359,5.62,61.22%,10/24/18
PBR,15.11,Call,17.00,11/16/18,23,0.28,0.31,0.34,0.32,1220,53191,0.02,61.19%,10/24/18
NTNX,37.44,Call,37.50,11/16/18,23,2.30,2.43,2.55,2.30,540,1639,0.33,61.17%,10/24/18
FB,146.04,Call,146.00,10/26/18,2,2.62,2.72,2.82,2.67,795,298,2.67,61.15%,10/24/18
FB,146.04,Call,149.00,10/26/18,2,1.36,1.42,1.48,1.45,2372,518,4.58,61.15%,10/24/18
PAH,9.98,Call,10.00,01/18/19,86,0.90,1,1.10,1.20,1369,7210,0.19,60.97%,10/24/18
MDR,12.49,Call,15.00,02/15/19,114,0.65,0.78,0.90,0.90,1900,749,2.54,60.93%,10/24/18
FCX,10.7,Call,11.50,11/02/18,9,0.13,0.14,0.14,0.14,1121,369,3.04,60.88%,10/24/18
AAL,30.34,Call,37.00,11/16/18,23,0.16,0.23,0.29,0.24,2385,4554,0.52,60.88%,10/24/18
GM,30.56,Call,31.50,10/26/18,2,0.16,0.2,0.23,0.21,1110,853,1.3,60.78%,10/24/18
ARNC,19.87,Call,23.00,11/16/18,23,0.28,0.29,0.30,0.30,1046,18809,0.06,60.74%,10/24/18
TWTR,27.54,Call,30.00,01/18/19,86,2.32,2.45,2.57,2.36,502,20082,0.02,60.73%,10/24/18
FCX,10.7,Call,14.00,11/16/18,23,0.00,0.02,0.03,0.03,617,10761,0.06,60.69%,10/24/18
TWTR,27.54,Call,32.00,01/18/19,86,1.75,1.85,1.94,1.76,1610,10085,0.16,60.69%,10/24/18
FCX,10.7,Call,12.50,11/09/18,16,0.05,0.07,0.09,0.08,3335,3454,0.97,60.64%,10/24/18
IQ,22.4,Call,30.00,03/15/19,142,1.20,1.28,1.35,1.29,798,2433,0.33,60.62%,10/24/18
NFLX,301.83,Call,300.00,11/16/18,23,19.40,19.68,19.95,19.47,657,688,0.95,60.56%,10/24/18
GM,30.56,Call,34.50,11/02/18,9,0.10,0.13,0.16,0.15,620,523,1.19,60.48%,10/24/18
NFLX,301.83,Call,337.50,11/09/18,16,3.75,4,4.25,4.26,790,143,5.52,60.40%,10/24/18
TSLA,288.5,Call,340.00,01/18/19,86,15.50,17.13,18.75,17.00,586,6574,0.09,60.27%,10/24/18
FCX,10.7,Call,11.00,11/02/18,9,0.26,0.28,0.30,0.28,1771,227,7.8,60.24%,10/24/18
JD,21.76,Call,23.00,11/02/18,9,0.33,0.36,0.38,0.37,1788,514,3.48,60.24%,10/24/18
FCX,10.7,Call,13.50,11/16/18,23,0.00,0.03,0.05,0.05,1260,142,8.87,60.15%,10/24/18
JD,21.76,Call,22.50,11/02/18,9,0.53,0.54,0.55,0.52,1226,220,5.57,60.03%,10/24/18
FB,146.04,Call,160.00,10/26/18,2,0.05,0.06,0.06,0.05,7571,11887,0.64,59.97%,10/24/18
TSLA,288.5,Call,350.00,01/18/19,86,12.70,14,15.30,14.50,1255,14538,0.09,59.88%,10/24/18
JD,21.76,Call,23.50,11/02/18,9,0.21,0.23,0.25,0.25,4189,982,4.27,59.77%,10/24/18
COG,21.18,Call,25.00,11/16/18,23,0.25,0.3,0.35,0.24,7788,2121,3.67,59.74%,10/24/18
NWL,15.94,Call,21.00,03/15/19,142,0.90,0.93,0.95,0.95,16309,3062,5.33,59.74%,10/24/18
FB,146.04,Call,150.00,10/26/18,2,1.05,1.1,1.15,1.10,17245,3748,4.6,59.68%,10/24/18
SQ,69.34,Call,75.00,12/21/18,58,4.40,4.5,4.60,4.50,538,2361,0.23,59.67%,10/24/18
GE,12.17,Call,12.00,10/26/18,2,0.27,0.29,0.30,0.31,3227,6719,0.48,59.67%,10/24/18
EBAY,27.29,Call,30.00,11/09/18,16,0.37,0.41,0.44,0.47,1594,2549,0.63,59.61%,10/24/18
FB,146.04,Call,148.00,10/26/18,2,1.72,1.8,1.88,1.73,1954,1058,1.85,59.49%,10/24/18
FB,146.04,Call,152.50,10/26/18,2,0.52,0.56,0.60,0.57,10431,1818,5.74,59.49%,10/24/18
FB,146.04,Call,147.00,10/26/18,2,2.15,2.24,2.33,2.13,1438,446,3.22,59.40%,10/24/18
CLF,10.19,Call,10.00,11/16/18,23,0.68,0.7,0.71,0.71,10607,3762,2.82,59.33%,10/24/18
CZR,8.47,Call,9.00,12/21/18,58,0.60,0.65,0.70,0.60,1309,9239,0.14,59.25%,10/24/18
TSLA,288.5,Call,390.00,03/15/19,142,12.75,13.88,15.00,15.14,523,293,1.78,59.21%,10/24/18
IQ,22.4,Call,25.00,01/18/19,86,1.60,1.68,1.75,1.66,877,5892,0.15,59.18%,10/24/18
BABA,139.61,Put,140.00,01/17/20,450,18.60,19,19.40,19.40,3050,5921,0.52,59.18%,10/24/18
VALE,14.5,Call,16.50,11/09/18,16,0.07,0.12,0.17,0.15,1748,1522,1.15,59.16%,10/24/18
MU,35.43,Call,40.00,11/02/18,9,0.16,0.19,0.21,0.16,7685,2670,2.88,59.16%,10/24/18
MU,35.43,Call,40.50,11/02/18,9,0.08,0.13,0.17,0.12,2336,536,4.36,59.12%,10/24/18
COG,21.18,Call,24.00,11/16/18,23,0.30,0.38,0.45,0.38,4274,7900,0.54,59.02%,10/24/18
IQ,22.4,Call,40.00,01/17/20,450,2.05,2.18,2.30,2.15,1554,3725,0.42,59.00%,10/24/18
PBR,15.11,Call,17.50,11/23/18,30,0.22,0.25,0.28,0.30,750,1195,0.63,58.97%,10/24/18
NFLX,301.83,Call,310.00,11/16/18,23,14.15,14.45,14.75,14.50,1144,644,1.78,58.91%,10/24/18
XPO,86.01,Call,90.00,11/16/18,23,3.20,3.4,3.60,3.50,633,142,4.46,58.90%,10/24/18
ADBE,238.44,Call,245.00,10/26/18,2,1.60,1.75,1.89,1.72,1183,631,1.87,58.82%,10/24/18
FB,146.04,Call,155.00,10/26/18,2,0.23,0.26,0.28,0.26,18779,9791,1.92,58.81%,10/24/18
CJ,16.89,Call,20.00,04/18/19,176,1.30,1.43,1.55,1.75,1002,157,6.38,58.49%,10/24/18
CBPO,64.12,Call,70.00,11/16/18,23,1.15,1.43,1.70,1.70,647,468,1.38,58.48%,10/24/18
NFLX,301.83,Call,400.00,11/09/18,16,0.15,0.2,0.25,0.16,773,1300,0.59,58.43%,10/24/18
MU,35.43,Call,50.00,11/16/18,23,0.02,0.03,0.03,0.02,1814,40567,0.04,58.29%,10/24/18
PBR,15.11,Call,18.00,11/16/18,23,0.12,0.14,0.15,0.14,6971,174916,0.04,58.27%,10/24/18
ADBE,238.44,Call,250.00,10/26/18,2,0.49,0.66,0.82,0.73,512,681,0.75,58.22%,10/24/18
TXN,92.01,Call,97.50,10/26/18,2,0.03,0.1,0.16,0.17,535,435,1.23,58.19%,10/24/18
X,25.44,Call,24.00,04/18/19,176,3.90,4,4.10,4.90,504,516,0.98,58.13%,10/24/18
CLF,10.19,Call,11.00,11/16/18,23,0.28,0.3,0.31,0.30,721,4151,0.17,58.11%,10/24/18
URBN,37.5,Call,38.00,11/02/18,9,0.80,1.13,1.45,1.15,814,144,5.65,58.05%,10/24/18
MU,35.43,Call,40.00,11/09/18,16,0.32,0.35,0.38,0.39,573,817,0.7,58.02%,10/24/18
CZR,8.47,Call,11.00,12/21/18,58,0.10,0.15,0.20,0.15,3329,45544,0.07,58.02%,10/24/18
TEVA,19.81,Call,21.00,03/15/19,142,2.02,2.07,2.11,2.47,538,587,0.92,57.95%,10/24/18
NFLX,301.83,Call,315.00,11/16/18,23,11.95,12.23,12.50,12.25,524,786,0.67,57.78%,10/24/18
MU,35.43,Call,41.00,11/02/18,9,0.06,0.08,0.10,0.08,1286,1898,0.68,57.75%,10/24/18
VALE,14.5,Call,16.00,11/09/18,16,0.08,0.15,0.22,0.22,562,3124,0.18,57.73%,10/24/18
TAL,22.74,Call,30.00,01/18/19,86,0.45,0.55,0.65,0.65,1331,7040,0.19,57.72%,10/24/18
NFLX,301.83,Call,360.00,11/09/18,16,1.08,1.3,1.52,1.31,585,703,0.83,57.66%,10/24/18
TXN,92.01,Call,100.00,10/26/18,2,0.02,0.07,0.12,0.04,878,750,1.17,57.65%,10/24/18
MU,35.43,Call,36.00,11/16/18,23,1.77,1.8,1.83,1.82,1922,314,6.12,57.65%,10/24/18
EGO,0.86,Call,1.00,01/18/19,86,0.05,0.08,0.10,0.05,532,12561,0.04,57.64%,10/24/18
INTC,42.42,Call,45.00,11/02/18,9,0.57,0.6,0.63,0.62,572,752,0.76,57.61%,10/24/18
FB,146.04,Call,157.50,10/26/18,2,0.09,0.11,0.12,0.10,7008,10077,0.7,57.59%,10/24/18
NFLX,301.83,Put,300.00,01/18/19,86,24.10,26.05,28.00,26.60,504,6478,0.08,57.53%,10/24/18
UAA,18.23,Call,19.00,10/26/18,2,0.05,0.09,0.13,0.07,508,453,1.12,57.46%,10/24/18
MU,35.43,Call,39.00,11/09/18,16,0.50,0.53,0.55,0.55,543,133,4.08,57.46%,10/24/18
X,25.44,Call,26.50,10/26/18,2,0.10,0.12,0.14,0.10,3530,237,14.89,57.45%,10/24/18
AAL,30.34,Call,34.00,11/16/18,23,0.51,0.58,0.65,0.58,11313,14968,0.76,57.45%,10/24/18
IAC,189.25,Call,200.00,11/16/18,23,5.50,6,6.50,6.75,504,106,4.75,57.40%,10/24/18
MSFT,102.32,Call,104.00,11/02/18,9,2.82,3.44,4.05,2.96,1316,209,6.3,57.34%,10/24/18
WB,54.97,Call,65.00,01/18/19,86,2.65,2.83,3.00,2.90,2062,1210,1.7,57.33%,10/24/18
FCX,10.7,Call,12.00,11/02/18,9,0.05,0.06,0.07,0.05,3819,869,4.39,57.33%,10/24/18
AAL,30.34,Call,32.00,11/16/18,23,1.06,1.1,1.14,1.10,2020,12700,0.16,57.29%,10/24/18
EA,96.25,Call,100.00,10/26/18,2,0.35,0.44,0.52,0.42,2332,291,8.01,57.29%,10/24/18
NFLX,301.83,Put,270.00,02/15/19,114,16.70,18.23,19.75,17.95,500,389,1.29,57.25%,10/24/18
PYPL,83.09,Call,88.50,10/26/18,2,0.04,0.09,0.13,0.11,601,1008,0.6,57.20%,10/24/18
ELY,21.12,Call,25.00,11/16/18,23,0.15,0.18,0.20,0.20,534,921,0.58,57.18%,10/24/18
TEVA,19.81,Call,17.50,01/18/19,86,3.30,3.43,3.55,3.50,2192,67472,0.03,57.18%,10/24/18
BAC,26.19,Call,28.50,10/26/18,2,0.00,0.01,0.01,0.01,6309,51532,0.12,57.17%,10/24/18
NWL,15.94,Call,22.00,03/15/19,142,0.65,0.78,0.90,0.70,2181,1976,1.1,57.16%,10/24/18
AAL,30.34,Call,33.00,11/16/18,23,0.73,0.82,0.90,0.80,1006,3366,0.3,57.14%,10/24/18
AKS,4.13,Call,5.00,01/18/19,86,0.20,0.21,0.22,0.19,568,75695,0.01,57.06%,10/24/18
AAL,30.34,Call,35.00,11/16/18,23,0.35,0.42,0.48,0.40,580,10494,0.06,57.03%,10/24/18
TSLA,288.5,Call,400.00,01/18/19,86,5.65,5.83,6.00,5.75,834,16639,0.05,57.01%,10/24/18
X,25.44,Call,27.00,10/26/18,2,0.04,0.07,0.09,0.04,4066,1568,2.59,57.00%,10/24/18
MPC,68.06,Call,95.00,11/16/18,23,0.00,0.04,0.07,0.04,802,1277,0.63,56.99%,10/24/18
T,30.36,Call,32.50,10/26/18,2,0.01,0.02,0.02,0.03,1143,3781,0.3,56.97%,10/24/18
XPO,86.01,Call,110.00,11/16/18,23,0.15,0.28,0.40,0.25,539,1911,0.28,56.96%,10/24/18
CBPO,64.12,Call,75.00,11/16/18,23,0.70,0.75,0.80,0.70,560,513,1.09,56.86%,10/24/18
MSFT,102.32,Call,106.00,11/02/18,9,2.08,2.99,3.90,2.17,1885,773,2.44,56.62%,10/24/18
NFLX,301.83,Call,320.00,11/16/18,23,10.00,10.23,10.45,10.17,1286,1090,1.18,56.48%,10/24/18
BA,354.65,Put,360.00,12/21/18,58,19.15,19.58,20.00,18.50,576,477,1.21,56.38%,10/24/18
FB,146.04,Call,155.00,11/09/18,16,3.40,3.48,3.55,3.55,534,472,1.13,56.37%,10/24/18
INTC,42.42,Call,46.50,11/02/18,9,0.25,0.28,0.31,0.31,1949,248,7.86,56.37%,10/24/18
CLF,10.19,Call,10.50,11/16/18,23,0.45,0.47,0.48,0.45,1092,113,9.66,56.36%,10/24/18
PBR,15.11,Call,18.50,11/23/18,30,0.06,0.2,0.33,0.14,500,1518,0.33,56.33%,10/24/18
SQ,69.34,Call,85.00,01/18/19,86,2.78,2.89,2.99,2.87,856,3383,0.25,56.14%,10/24/18
MU,35.43,Call,37.00,11/16/18,23,1.33,1.36,1.38,1.37,1151,1091,1.05,56.07%,10/24/18
CLF,10.19,Call,12.50,11/23/18,30,0.06,0.09,0.11,0.09,510,555,0.92,55.95%,10/24/18
MSFT,102.32,Call,109.00,11/02/18,9,1.02,1.31,1.60,1.30,1164,1262,0.92,55.93%,10/24/18
NFLX,301.83,Call,330.00,11/16/18,23,6.85,7.08,7.30,7.20,1688,1707,0.99,55.89%,10/24/18
NFLX,301.83,Call,325.00,11/16/18,23,8.25,8.48,8.70,8.50,1010,1021,0.99,55.86%,10/24/18
CZR,8.47,Call,10.00,12/21/18,58,0.25,0.33,0.40,0.28,5441,34353,0.16,55.83%,10/24/18
BABA,139.61,Call,140.00,11/16/18,23,7.55,7.7,7.85,7.75,4816,29054,0.17,55.80%,10/24/18
GE,12.17,Call,12.50,10/26/18,2,0.07,0.08,0.09,0.08,7219,13876,0.52,55.79%,10/24/18
F,8.18,Call,9.50,11/09/18,16,0.04,0.06,0.07,0.05,545,4196,0.13,55.78%,10/24/18
TSLA,288.5,Put,300.00,01/18/19,86,42.25,43.15,44.05,42.90,531,11025,0.05,55.74%,10/24/18
DLTR,82.43,Call,84.00,10/26/18,2,0.25,1.1,1.95,0.73,677,1053,0.64,55.73%,10/24/18
ABBV,79.41,Call,85.00,10/26/18,2,0.02,0.06,0.10,0.07,1444,507,2.85,55.60%,10/24/18
MSFT,102.32,Call,110.00,11/02/18,9,0.92,1.04,1.16,1.07,3882,4963,0.78,55.51%,10/24/18
CCL,54.75,Call,57.00,10/26/18,2,0.05,0.35,0.65,0.20,2195,2217,0.99,55.49%,10/24/18
AMC,17.83,Call,20.00,11/16/18,23,0.30,0.33,0.35,0.31,1181,1298,0.91,55.48%,10/24/18
INTC,42.42,Call,46.00,11/02/18,9,0.34,0.37,0.40,0.37,1223,11799,0.1,55.38%,10/24/18
MSFT,102.32,Call,111.00,11/02/18,9,0.75,0.88,1.00,0.88,5060,12072,0.42,55.27%,10/24/18
T,30.36,Call,33.00,10/26/18,2,0.00,0.01,0.01,0.01,3021,12420,0.24,55.23%,10/24/18
TWTR,27.54,Call,40.00,01/18/19,86,0.33,0.46,0.59,0.35,3637,24954,0.15,55.22%,10/24/18
PYPL,83.09,Call,84.50,10/26/18,2,0.70,0.76,0.81,0.78,1504,360,4.18,55.19%,10/24/18
MSFT,102.32,Call,108.00,11/02/18,9,1.45,1.53,1.60,1.50,3517,6683,0.53,55.18%,10/24/18
LKQ,25.68,Call,27.50,11/16/18,23,0.45,1.03,1.60,0.75,693,3228,0.21,55.17%,10/24/18
ABBV,79.41,Call,87.00,11/02/18,9,0.43,0.46,0.48,0.55,548,109,5.03,55.15%,10/24/18
NFLX,301.83,Call,340.00,11/16/18,23,4.55,4.78,5.00,4.90,6454,7984,0.81,55.11%,10/24/18
OLED,99.85,Call,125.00,03/15/19,142,5.80,6.1,6.40,6.22,1306,597,2.19,55.10%,10/24/18
BA,354.65,Call,350.00,10/26/18,2,7.80,8.38,8.95,8.39,548,557,0.98,55.05%,10/24/18
NVDA,199.41,Call,230.00,12/21/18,58,7.35,7.73,8.10,7.54,947,1350,0.7,55.02%,10/24/18
FCX,10.7,Call,13.00,11/16/18,23,0.05,0.06,0.07,0.06,1660,7873,0.21,54.96%,10/24/18
MSFT,102.32,Call,107.00,11/02/18,9,1.53,2.57,3.60,1.76,4494,659,6.82,54.95%,10/24/18
NFLX,301.83,Call,335.00,11/16/18,23,5.65,5.83,6.00,5.83,893,1901,0.47,54.94%,10/24/18
NVDA,199.41,Call,240.00,12/21/18,58,4.95,5.3,5.65,5.50,1115,2263,0.49,54.91%,10/24/18
TAL,22.74,Call,25.00,02/15/19,114,1.65,1.8,1.95,2.00,1095,1234,0.89,54.87%,10/24/18
BABA,139.61,Call,144.00,11/16/18,23,5.65,5.78,5.90,5.90,1237,265,4.67,54.85%,10/24/18
MS,43.49,Call,44.50,10/26/18,2,0.16,0.21,0.26,0.32,502,519,0.97,54.78%,10/24/18
MSFT,102.32,Call,113.00,11/02/18,9,0.51,0.59,0.66,0.58,1424,2377,0.6,54.78%,10/24/18
MU,35.43,Call,38.50,11/16/18,23,0.82,0.85,0.87,0.87,1658,379,4.37,54.78%,10/24/18
PBR,15.11,Call,14.00,12/21/18,58,1.88,1.92,1.96,1.94,19486,70360,0.28,54.74%,10/24/18
XPO,86.01,Call,100.00,11/16/18,23,0.65,0.88,1.10,0.90,1087,1360,0.8,54.65%,10/24/18
MU,35.43,Call,38.00,11/16/18,23,0.98,1,1.02,1.00,1641,786,2.09,54.62%,10/24/18
CZR,8.47,Call,10.00,01/18/19,86,0.35,0.4,0.45,0.41,1178,14597,0.08,54.61%,10/24/18
CHK,3.92,Call,7.00,01/17/20,450,0.30,0.33,0.35,0.31,1900,305130,0.01,54.59%,10/24/18
GE,12.17,Call,15.50,11/16/18,23,0.02,0.04,0.05,0.03,900,100,9,54.46%,10/24/18
GE,12.17,Call,12.00,11/16/18,23,0.75,0.77,0.78,0.76,568,19881,0.03,54.45%,10/24/18
NVDA,199.41,Put,175.00,06/21/19,240,18.15,18.6,19.05,17.10,2532,973,2.6,54.43%,10/24/18
INTC,42.42,Call,48.00,11/02/18,9,0.10,0.13,0.15,0.13,914,2636,0.35,54.40%,10/24/18
CAH,49.6,Call,55.00,11/02/18,9,0.00,0.25,0.50,0.25,1174,1579,0.74,54.40%,10/24/18
MSFT,102.32,Call,114.00,11/02/18,9,0.42,0.46,0.50,0.46,3671,6108,0.6,54.38%,10/24/18
MSFT,102.32,Call,112.00,11/02/18,9,0.48,0.74,1.00,0.69,2192,2003,1.09,54.32%,10/24/18
MU,35.43,Call,47.00,11/16/18,23,0.03,0.04,0.04,0.04,536,12844,0.04,54.24%,10/24/18
GM,30.56,Call,31.50,11/09/18,16,0.86,0.92,0.98,1.00,623,217,2.87,54.16%,10/24/18
MU,35.43,Call,42.00,11/09/18,16,0.10,0.14,0.17,0.13,587,513,1.14,54.00%,10/24/18
F,8.18,Call,9.00,11/09/18,16,0.09,0.11,0.13,0.11,657,2716,0.24,54.00%,10/24/18
MSFT,102.32,Call,117.00,11/02/18,9,0.04,0.19,0.34,0.23,7888,12974,0.61,53.98%,10/24/18
MSFT,102.32,Call,115.00,11/02/18,9,0.31,0.36,0.40,0.36,3380,5163,0.65,53.95%,10/24/18
BAC,26.19,Call,26.00,10/26/18,2,0.49,0.51,0.52,0.52,4328,3153,1.37,53.91%,10/24/18
BA,354.65,Call,355.00,10/26/18,2,4.80,5.1,5.40,5.50,4338,653,6.64,53.85%,10/24/18
NFLX,301.83,Call,410.00,11/16/18,23,0.15,0.24,0.33,0.20,835,1395,0.6,53.83%,10/24/18
NFLX,301.83,Call,400.00,11/16/18,23,0.31,0.34,0.36,0.33,2036,6913,0.29,53.82%,10/24/18
NFLX,301.83,Call,345.00,11/16/18,23,3.65,3.85,4.05,3.80,684,1335,0.51,53.79%,10/24/18
F,8.18,Call,8.50,11/09/18,16,0.22,0.24,0.26,0.24,2176,612,3.56,53.74%,10/24/18
NFLX,301.83,Call,350.00,11/16/18,23,2.93,3.07,3.20,3.10,1431,15194,0.09,53.69%,10/24/18
BABA,139.61,Call,145.00,11/16/18,23,5.25,5.35,5.45,5.35,1640,26253,0.06,53.61%,10/24/18
KNX,30.72,Call,35.00,11/16/18,23,0.30,0.5,0.70,0.40,1219,12406,0.1,53.60%,10/24/18
NLSN,25.57,Call,30.00,11/16/18,23,0.05,0.2,0.35,0.22,3361,4921,0.68,53.54%,10/24/18
CPE,9.92,Call,12.00,01/18/19,86,0.20,0.3,0.40,0.40,2585,6436,0.4,53.53%,10/24/18
PYPL,83.09,Call,85.00,10/26/18,2,0.53,0.58,0.62,0.59,631,1294,0.49,53.51%,10/24/18
GE,12.17,Call,13.00,10/26/18,2,0.02,0.03,0.03,0.01,6652,34590,0.19,53.50%,10/24/18
ERI,37.94,Call,40.00,12/21/18,58,2.10,3,3.90,2.45,530,146,3.63,53.38%,10/24/18
BAC,26.19,Call,28.00,10/26/18,2,0.01,0.02,0.02,0.02,104376,118107,0.88,53.27%,10/24/18
PYPL,83.09,Call,86.50,10/26/18,2,0.21,0.24,0.27,0.27,728,493,1.48,53.24%,10/24/18
NXPI,71.23,Call,80.00,11/16/18,23,0.95,1.21,1.47,1.10,9132,4050,2.25,53.23%,10/24/18
WMT,97.56,Call,98.50,10/26/18,2,0.40,0.43,0.46,1.12,600,624,0.96,53.11%,10/24/18
MU,35.43,Call,45.00,11/16/18,23,0.07,0.08,0.08,0.08,1417,12247,0.12,53.09%,10/24/18
FCX,10.7,Call,11.50,11/16/18,23,0.25,0.27,0.28,0.28,539,255,2.11,53.05%,10/24/18
FDC,21.52,Call,22.00,11/16/18,23,0.90,0.95,1.00,0.95,17884,7023,2.55,53.05%,10/24/18
BEL,17.11,Call,17.50,11/16/18,23,0.70,0.88,1.05,0.75,600,2049,0.29,52.94%,10/24/18
JD,21.76,Call,22.00,12/21/18,58,1.77,1.8,1.83,1.77,712,626,1.14,52.87%,10/24/18
NFLX,301.83,Call,365.00,11/16/18,23,1.41,1.53,1.64,1.55,658,1981,0.33,52.83%,10/24/18
FCX,10.7,Call,18.00,01/18/19,86,0.02,0.03,0.04,0.03,1528,23867,0.06,52.80%,10/24/18
MU,35.43,Call,40.00,11/16/18,23,0.48,0.5,0.51,0.50,13571,3906,3.47,52.79%,10/24/18
BHGE,27.39,Call,34.00,11/16/18,23,0.05,0.08,0.10,0.09,570,7342,0.08,52.75%,10/24/18
TEVA,19.81,Call,25.00,12/21/18,58,0.33,0.36,0.38,0.33,675,7791,0.09,52.70%,10/24/18
MSFT,102.32,Call,116.00,11/02/18,9,0.00,0.15,0.30,0.26,722,3741,0.19,52.70%,10/24/18
FB,146.04,Call,182.50,11/09/18,16,0.15,0.2,0.24,0.15,751,208,3.61,52.70%,10/24/18
CREE,34.55,Call,35.00,11/16/18,23,1.52,1.59,1.66,1.65,808,1696,0.48,52.70%,10/24/18
NFLX,301.83,Call,360.00,11/16/18,23,1.81,1.94,2.07,1.90,1900,6612,0.29,52.61%,10/24/18
MU,35.43,Call,41.00,12/21/18,58,1.03,1.26,1.49,1.19,510,1498,0.34,52.56%,10/24/18
NFLX,301.83,Call,375.00,11/16/18,23,0.85,0.93,1.00,0.96,1415,4762,0.3,52.56%,10/24/18
TAL,22.74,Call,30.00,02/15/19,114,0.60,0.78,0.95,0.75,2200,401,5.49,52.55%,10/24/18
FLEX,10.9,Call,12.00,11/16/18,23,0.16,0.19,0.22,0.21,5038,582,8.66,52.51%,10/24/18
PUMP,15.1,Call,20.00,03/15/19,142,0.60,0.65,0.70,0.65,635,5897,0.11,52.42%,10/24/18
BABA,139.61,Put,125.00,01/17/20,450,11.00,12,13.00,12.50,1120,2251,0.5,52.38%,10/24/18
NFLX,301.83,Call,385.00,11/16/18,23,0.52,0.61,0.70,0.58,558,2031,0.27,52.32%,10/24/18
NFLX,301.83,Call,390.00,11/16/18,23,0.41,0.49,0.56,0.45,1845,4706,0.39,52.26%,10/24/18
FCX,10.7,Call,12.50,11/16/18,23,0.08,0.1,0.11,0.09,1279,569,2.25,52.19%,10/24/18
MU,35.43,Call,43.00,11/02/18,9,0.00,0.03,0.06,0.01,1274,2709,0.47,52.18%,10/24/18
BIDU,184.47,Call,210.00,11/16/18,23,2.13,2.26,2.39,2.25,656,1830,0.36,52.16%,10/24/18
BABA,139.61,Call,150.00,11/16/18,23,3.50,3.55,3.60,3.55,1414,31419,0.05,52.12%,10/24/18
NVDA,199.41,Call,220.00,01/18/19,86,12.50,12.85,13.20,12.89,650,2438,0.27,52.07%,10/24/18
NFLX,301.83,Call,370.00,11/16/18,23,1.10,1.21,1.32,1.16,655,2776,0.24,52.07%,10/24/18
MU,35.43,Call,55.00,12/21/18,58,0.05,0.06,0.07,0.06,3173,1685,1.88,52.07%,10/24/18
MU,35.43,Call,40.00,12/21/18,58,1.30,1.36,1.41,1.40,3348,1502,2.23,52.06%,10/24/18
CZR,8.47,Call,11.00,01/18/19,86,0.15,0.2,0.25,0.20,594,20378,0.03,52.05%,10/24/18
NFLX,301.83,Call,380.00,11/16/18,23,0.66,0.74,0.81,0.72,826,4733,0.17,52.05%,10/24/18
GE,12.17,Call,13.00,11/16/18,23,0.30,0.32,0.34,0.33,883,103506,0.01,52.05%,10/24/18
ABX,13.11,Call,13.50,11/02/18,9,0.25,0.27,0.29,0.27,824,556,1.48,52.03%,10/24/18
ADT,7.37,Call,10.00,02/15/19,114,0.10,0.18,0.25,0.20,2662,1513,1.76,52.01%,10/24/18
CAT,112.34,Call,155.00,11/16/18,23,0.01,0.03,0.04,0.04,781,4868,0.16,51.98%,10/24/18
MGM,24.21,Call,26.50,11/16/18,23,0.42,0.45,0.47,0.49,1800,1035,1.74,51.97%,10/24/18
X,25.44,Call,30.00,12/21/18,58,0.65,0.67,0.69,0.72,1079,441,2.45,51.95%,10/24/18
EBAY,27.29,Call,29.00,11/16/18,23,0.69,0.73,0.77,0.78,505,708,0.71,51.86%,10/24/18
TTWO,110.97,Call,135.00,12/21/18,58,1.90,2.18,2.45,2.42,2010,2989,0.67,51.83%,10/24/18
BAC,26.19,Call,27.50,10/26/18,2,0.04,0.05,0.05,0.05,229910,13574,16.94,51.77%,10/24/18
VALE,14.5,Call,16.50,11/23/18,30,0.14,0.2,0.25,0.25,797,2047,0.39,51.71%,10/24/18
FCX,10.7,Call,13.00,11/23/18,30,0.05,0.07,0.09,0.08,3272,141,23.21,51.67%,10/24/18
PSTG,20.63,Call,30.00,02/15/19,114,0.35,0.38,0.40,0.35,1285,6054,0.21,51.63%,10/24/18
MGM,24.21,Call,27.00,11/16/18,23,0.31,0.34,0.36,0.38,6040,9100,0.66,51.63%,10/24/18
MU,35.43,Call,41.00,11/16/18,23,0.31,0.33,0.35,0.33,2262,3614,0.63,51.57%,10/24/18
CZR,8.47,Call,12.00,01/18/19,86,0.05,0.1,0.15,0.10,10545,67863,0.16,51.57%,10/24/18
COG,21.18,Call,27.00,12/21/18,58,0.20,0.28,0.35,0.30,1453,8516,0.17,51.56%,10/24/18
JD,21.76,Call,30.00,03/15/19,142,0.45,0.52,0.58,0.73,2446,17372,0.14,51.56%,10/24/18
VALE,14.5,Call,16.00,11/16/18,23,0.19,0.26,0.32,0.26,1442,23108,0.06,51.51%,10/24/18
"Downloaded from Barchart.com as of 10-25-2018 06:16am CDT"
