Symbol,Price,Type,Strike,DTE,"Exp Date",Bid,Midpoint,Ask,Last,Volume,"Open Int",Vol/OI,IV,Time
$DJX,240.66,Put,218.00,31,02/15/19,0.65,0.69,0.73,0.80,2,57,0.04,25.67%,01/11/19
$DJX,240.66,Put,210.00,31,02/15/19,0.37,0.41,0.44,0.38,4,37,0.11,29.11%,01/14/19
$DJX,240.66,Call,270.00,59,03/15/19,0.08,0.12,0.15,0.12,1,169,0.01,13.71%,01/15/19
$DJX,240.66,Call,244.00,3,01/18/19,0.13,0.19,0.24,0.24,1,12,0.08,14.29%,01/15/19
$DJX,240.66,Put,199.00,59,03/15/19,0.49,0.53,0.56,0.49,90,0,0,28.92%,01/15/19
$DJX,240.66,Put,244.00,3,01/18/19,3.80,4.08,4.35,4.70,2,18,0.11,23.14%,01/11/19
$DJX,240.66,Call,244.00,31,02/15/19,2.35,2.44,2.52,2.32,2,4,0.5,12.47%,01/15/19
$DJX,240.66,Put,238.00,3,01/18/19,0.52,0.6,0.67,0.98,130,102,1.27,23.81%,01/15/19
$DJX,240.66,Call,222.00,59,03/15/19,19.55,19.78,20.00,19.30,3,8,0.38,8.74%,01/14/19
$DJX,240.66,Call,223.00,31,02/15/19,17.60,17.88,18.15,15.80,22,22,1,12.63%,01/10/19
$DJX,240.66,Call,265.00,3,01/18/19,0.00,0.02,0.03,0.02,1,909,0,0.00%,01/10/19
$DJX,240.66,Put,232.00,31,02/15/19,2.12,2.18,2.24,2.20,80,18,4.44,20.66%,01/15/19
$DJX,240.66,Put,195.00,31,02/15/19,0.16,0.2,0.23,2.63,4,1,4,36.53%,01/14/19
$DJX,240.66,Put,265.00,31,02/15/19,24.80,25.1,25.40,25.15,4,0,0,29.39%,01/15/19
$DJX,240.66,Call,246.00,3,01/18/19,0.01,0.06,0.10,0.27,6,19,0.32,13.99%,01/11/19
$DJX,240.66,Put,223.00,31,02/15/19,0.97,1.02,1.06,1.18,1,4,0.25,24.88%,01/15/19
$DJX,240.66,Put,232.00,59,03/15/19,3.80,3.9,4.00,5.00,5,6,0.83,20.76%,01/11/19
$DJX,240.66,Put,239.00,3,01/18/19,0.79,0.88,0.96,0.95,30,44,0.68,19.27%,01/15/19
$DJX,240.66,Put,234.00,3,01/18/19,0.10,0.15,0.19,0.10,33,19,1.74,19.62%,01/15/19
$DJX,240.66,Call,240.00,3,01/18/19,1.25,1.37,1.48,1.55,91,2079,0.04,13.28%,01/15/19
$DJX,240.66,Put,237.00,59,03/15/19,5.20,5.33,5.45,6.15,1,1,1,19.62%,01/14/19
$DJX,240.66,Put,249.00,3,01/18/19,8.55,8.9,9.25,10.20,1,2,0.5,36.03%,01/09/19
$DJX,240.66,Call,239.00,59,03/15/19,6.70,6.85,7.00,7.33,3,85,0.04,15.12%,01/15/19
$DJX,240.66,Put,180.00,59,03/15/19,0.18,0.21,0.24,0.18,8,60,0.13,35.55%,01/14/19
$DJX,240.66,Put,210.00,59,03/15/19,0.97,1.01,1.05,1.45,1,112,0.01,26.37%,01/09/19
$DJX,240.66,Call,231.00,3,01/18/19,8.85,9.18,9.50,8.50,1,9,0.11,0.00%,01/11/19
$DJX,240.66,Call,252.00,31,02/15/19,0.46,0.51,0.55,0.48,5,10,0.5,12.28%,01/15/19
$DJX,240.66,Put,235.00,31,02/15/19,2.78,2.86,2.93,2.62,7,165,0.04,18.69%,01/15/19
$DJX,240.66,Call,255.00,31,02/15/19,0.23,0.27,0.30,0.26,5,33,0.15,12.57%,01/15/19
$DJX,240.66,Put,205.00,3,01/18/19,0.00,0.02,0.03,0.02,94,366,0.26,0.00%,01/14/19
$DJX,240.66,Put,208.00,3,01/18/19,0.00,0.02,0.03,0.02,1,1,1,0.00%,01/14/19
$DJX,240.66,Call,224.00,3,01/18/19,15.75,16.1,16.45,16.20,1,10,0.1,0.00%,01/10/19
$DJX,240.66,Call,258.00,31,02/15/19,0.12,0.15,0.18,0.16,1,0,0,13.23%,01/15/19
$DJX,240.66,Put,220.00,59,03/15/19,1.81,1.86,1.90,2.02,1,841,0,23.76%,01/14/19
$DJX,240.66,Call,248.00,31,02/15/19,1.11,1.17,1.22,1.17,2,0,0,12.55%,01/15/19
$DJX,240.66,Call,241.00,3,01/18/19,0.77,0.88,0.98,1.35,73,70,1.04,17.06%,01/15/19
$DJX,240.66,Put,215.00,59,03/15/19,1.32,1.36,1.40,2.16,800,2024,0.4,25.02%,01/09/19
$DJX,240.66,Call,230.00,31,02/15/19,11.45,11.7,11.95,13.27,4,20,0.2,13.05%,01/14/19
$DJX,240.66,Call,248.00,59,03/15/19,2.48,2.55,2.62,2.91,101,101,1,12.86%,01/10/19
$DJX,240.66,Put,233.00,31,02/15/19,2.32,2.39,2.45,3.75,2,3,0.67,20.26%,01/10/19
$DJX,240.66,Call,220.00,3,01/18/19,19.75,20.08,20.40,18.85,1,233,0,0.00%,01/14/19
$DJX,240.66,Put,212.00,59,03/15/19,1.10,1.14,1.17,1.09,6,24,0.25,25.53%,01/15/19
$DJX,240.66,Put,218.00,3,01/18/19,0.00,0.02,0.04,0.09,1,21,0.05,0.00%,01/09/19
$DJX,240.66,Call,235.00,59,03/15/19,9.30,9.48,9.65,9.62,1,70,0.01,14.61%,01/15/19
$DJX,240.66,Call,243.00,3,01/18/19,0.25,0.32,0.39,0.31,1,153,0.01,12.48%,01/15/19
$DJX,240.66,Call,236.00,59,03/15/19,8.60,8.78,8.95,9.13,1,4,0.25,15.09%,01/15/19
$DJX,240.66,Put,263.00,31,02/15/19,22.80,23.13,23.45,25.71,2,2,1,27.61%,01/10/19
$DJX,240.66,Put,260.00,3,01/18/19,19.60,19.93,20.25,19.13,1,11,0.09,0.00%,01/15/19
$DJX,240.66,Call,238.00,59,03/15/19,7.30,7.45,7.60,7.20,1,212,0,13.88%,01/14/19
$DJX,240.66,Put,226.00,59,03/15/19,2.62,2.68,2.73,2.65,27,223,0.12,22.10%,01/15/19
$DJX,240.66,Call,221.00,3,01/18/19,18.75,19.08,19.40,17.86,1,3,0.33,0.00%,01/14/19
$DJX,240.66,Put,245.00,3,01/18/19,4.70,5,5.30,6.40,10,4923,0,25.51%,01/11/19
$DJX,240.66,Put,239.00,31,02/15/19,4.00,4.13,4.25,4.00,1,3,0.33,18.17%,01/15/19
$DJX,240.66,Call,256.00,59,03/15/19,0.76,0.81,0.85,1.35,25,25,1,12.51%,01/09/19
$DJX,240.66,Call,259.00,31,02/15/19,0.09,0.13,0.16,0.16,2,2,1,13.23%,01/11/19
$DJX,240.66,Put,234.00,59,03/15/19,4.30,4.4,4.50,4.15,9,28,0.32,19.52%,01/15/19
$DJX,240.66,Put,229.00,31,02/15/19,1.62,1.68,1.73,3.05,10,12,0.83,21.57%,01/10/19
$DJX,240.66,Put,228.00,31,02/15/19,1.49,1.54,1.59,1.85,2,2,1,21.93%,01/11/19
$DJX,240.66,Put,226.00,31,02/15/19,1.25,1.3,1.35,1.22,20,12,1.67,22.15%,01/15/19
$DJX,240.66,Put,227.00,31,02/15/19,1.36,1.42,1.47,1.35,1,12,0.08,21.91%,01/15/19
$DJX,240.66,Put,190.00,59,03/15/19,0.30,0.33,0.36,0.35,10,53,0.19,32.12%,01/14/19
$DJX,240.66,Put,187.00,31,02/15/19,0.10,0.14,0.17,0.16,2,0,0,41.42%,01/15/19
$DJX,240.66,Put,245.00,59,03/15/19,8.75,8.9,9.05,10.58,1,44,0.02,18.61%,01/09/19
$DJX,240.66,Call,245.00,3,01/18/19,0.06,0.11,0.15,0.31,2,8250,0,13.67%,01/11/19
$DJX,240.66,Call,260.00,31,02/15/19,0.07,0.11,0.14,0.20,20,71,0.28,13.41%,01/09/19
$DJX,240.66,Put,238.00,59,03/15/19,5.55,5.68,5.80,7.65,7,214,0.03,19.42%,01/10/19
$DJX,240.66,Put,200.00,31,02/15/19,0.20,0.24,0.28,0.22,8,20,0.4,33.43%,01/15/19
$DJX,240.66,Put,236.00,31,02/15/19,3.00,3.1,3.20,4.00,12,14,0.86,19.25%,01/14/19
$DJX,240.66,Put,200.00,59,03/15/19,0.52,0.56,0.59,0.74,4,394,0.01,29.03%,01/09/19
$DJX,240.66,Put,217.00,31,02/15/19,0.60,0.64,0.68,0.56,3,7,0.43,25.24%,01/15/19
$DJX,240.66,Put,234.00,31,02/15/19,2.54,2.61,2.68,2.57,1,12,0.08,19.78%,01/15/19
$DJX,240.66,Put,270.00,31,02/15/19,29.75,30.08,30.40,32.65,1,1,1,32.83%,01/10/19
$DJX,240.66,Call,246.00,31,02/15/19,1.64,1.71,1.78,2.41,14,14,1,12.67%,01/10/19
$DJX,240.66,Call,239.00,3,01/18/19,1.80,1.96,2.12,1.67,5,118,0.04,3.73%,01/15/19
$DJX,240.66,Put,237.00,31,02/15/19,3.35,3.43,3.50,4.40,5,6,0.83,19.08%,01/14/19
$DJX,240.66,Put,228.00,3,01/18/19,0.00,0.04,0.07,0.03,1280,1291,0.99,27.45%,01/15/19
$DJX,240.66,Call,245.00,59,03/15/19,3.60,3.73,3.85,3.95,1,234,0,13.83%,01/15/19
$DJX,240.66,Put,259.00,31,02/15/19,18.85,19.18,19.50,20.20,2,2,1,24.51%,01/14/19
$DJX,240.66,Call,239.00,31,02/15/19,4.85,5,5.15,4.90,3,5,0.6,13.10%,01/15/19
$DJX,240.66,Call,235.00,3,01/18/19,5.00,5.3,5.60,5.10,2,158,0.01,0.00%,01/15/19
$DJX,240.66,Call,247.00,31,02/15/19,1.35,1.42,1.48,2.08,14,14,1,12.59%,01/10/19
$DJX,240.66,Call,250.00,59,03/15/19,1.88,1.94,2.00,1.99,4,111,0.04,12.84%,01/15/19
$DJX,240.66,Put,208.00,31,02/15/19,0.33,0.37,0.40,0.40,1,1,1,30.10%,01/14/19
$DJX,240.66,Put,246.00,3,01/18/19,5.60,5.95,6.30,8.70,10,26,0.38,27.97%,01/10/19
$DJX,240.66,Put,205.00,59,03/15/19,0.71,0.75,0.78,1.04,4,5,0.8,27.67%,01/09/19
$DJX,240.66,Call,245.00,31,02/15/19,1.97,2.05,2.12,2.26,96,209,0.46,13.59%,01/15/19
$DJX,240.66,Call,249.00,31,02/15/19,0.90,0.95,1.00,1.25,2,5,0.4,12.47%,01/11/19
$DJX,240.66,Put,241.00,31,02/15/19,4.80,4.95,5.10,6.30,1,3,0.33,18.21%,01/14/19
$DJX,240.66,Call,248.00,3,01/18/19,0.00,0.03,0.05,0.20,4,5,0.8,0.00%,01/09/19
$DJX,240.66,Put,243.00,31,02/15/19,5.80,5.95,6.10,6.85,1,1,1,17.98%,01/10/19
$DJX,240.66,Put,225.00,59,03/15/19,2.46,2.51,2.56,2.40,2,62,0.03,22.02%,01/15/19
$DJX,240.66,Call,243.00,59,03/15/19,4.50,4.63,4.75,4.68,1,1,1,13.38%,01/14/19
$DJX,240.66,Put,221.00,31,02/15/19,0.82,0.87,0.91,0.74,3,4,0.75,23.46%,01/15/19
$DJX,240.66,Put,227.00,3,01/18/19,0.00,0.03,0.06,0.16,1,25,0.04,0.00%,01/14/19
$DJX,240.66,Put,240.00,31,02/15/19,4.40,4.53,4.65,4.50,5,96,0.05,18.34%,01/15/19
$DJX,240.66,Call,237.00,3,01/18/19,3.25,3.5,3.75,3.60,8,1217,0.01,9.09%,01/11/19
$DJX,240.66,Put,230.00,3,01/18/19,0.01,0.05,0.09,0.38,1,155,0.01,25.51%,01/11/19
$DJX,240.66,Put,235.00,3,01/18/19,0.17,0.21,0.25,0.16,5,2637,0,19.26%,01/15/19
$DJX,240.66,Put,185.00,59,03/15/19,0.23,0.26,0.29,0.25,1,688,0,33.56%,01/15/19
$DJX,240.66,Put,228.00,59,03/15/19,2.97,3.04,3.10,4.40,1,11,0.09,21.71%,01/09/19
$DJX,240.66,Put,191.00,31,02/15/19,0.12,0.16,0.20,0.19,2,0,0,39.42%,01/15/19
$DJX,240.66,Put,195.00,59,03/15/19,0.39,0.43,0.46,0.40,10,61,0.16,30.20%,01/15/19
$DJX,240.66,Put,189.00,31,02/15/19,0.11,0.15,0.19,0.17,6,4,1.5,40.27%,01/15/19
$DJX,240.66,Put,265.00,3,01/18/19,24.60,24.9,25.20,25.00,2,3,0.67,78.29%,01/15/19
$DJX,240.66,Put,222.00,31,02/15/19,0.89,0.94,0.98,1.59,2,5,0.4,24.10%,01/09/19
$DJX,240.66,Call,242.00,3,01/18/19,0.46,0.54,0.62,0.65,2,45,0.04,13.53%,01/15/19
$DJX,240.66,Put,240.00,3,01/18/19,1.15,1.26,1.37,1.75,43,208,0.21,24.05%,01/15/19
$DJX,240.66,Call,260.00,3,01/18/19,0.00,0.02,0.03,0.03,15,2361,0.01,36.84%,01/15/19
$DJX,240.66,Put,238.00,31,02/15/19,3.65,3.75,3.85,4.55,2,38,0.05,18.81%,01/14/19
$DJX,240.66,Put,230.00,59,03/15/19,3.35,3.43,3.50,3.50,2,986,0,21.42%,01/15/19
$DJX,240.66,Put,215.00,31,02/15/19,0.52,0.56,0.59,0.66,1,28,0.04,26.88%,01/14/19
$DJX,240.66,Call,230.00,3,01/18/19,9.80,10.13,10.45,8.10,1,585,0,0.00%,01/10/19
$DJX,240.66,Put,255.00,3,01/18/19,14.55,14.9,15.25,14.12,1,190,0.01,0.00%,01/15/19
$DJX,240.66,Call,236.00,3,01/18/19,4.10,4.38,4.65,4.15,3,44,0.07,0.00%,01/15/19
$DJX,240.66,Put,188.00,31,02/15/19,0.11,0.15,0.18,0.17,2,0,0,41.03%,01/15/19
$DJX,240.66,Put,232.00,3,01/18/19,0.04,0.08,0.12,0.54,5,53,0.09,23.23%,01/11/19
$DJX,240.66,Call,234.00,31,02/15/19,8.30,8.5,8.70,8.17,2,1,2,13.84%,01/14/19
$DJX,240.66,Call,249.00,59,03/15/19,2.16,2.23,2.29,2.90,80,80,1,12.76%,01/10/19
$DJX,240.66,Put,241.00,3,01/18/19,1.65,1.79,1.93,2.48,46,30,1.53,26.84%,01/15/19
$DJX,240.66,Put,225.00,31,02/15/19,1.15,1.2,1.24,1.20,7,105,0.07,23.03%,01/15/19
$DJX,240.66,Put,250.00,59,03/15/19,11.90,12.13,12.35,13.35,1,659,0,18.79%,01/11/19
$DJX,240.66,Call,230.00,59,03/15/19,13.00,13.2,13.40,13.67,1,128,0.01,14.24%,01/09/19
$DJX,240.66,Put,180.00,31,02/15/19,0.07,0.11,0.14,0.13,2,131,0.02,45.46%,01/15/19
$DJX,240.66,Put,243.00,3,01/18/19,3.00,3.23,3.45,3.85,18,0,0,29.16%,01/15/19
$DJX,240.66,Put,233.00,3,01/18/19,0.07,0.11,0.15,0.14,1281,1300,0.99,23.58%,01/15/19
$DJX,240.66,Put,216.00,31,02/15/19,0.56,0.6,0.63,0.59,2,7,0.29,26.41%,01/15/19
$DJX,240.66,Call,240.00,59,03/15/19,6.10,6.23,6.35,6.56,2,323,0.01,14.54%,01/15/19
$DJX,240.66,Put,230.00,31,02/15/19,1.77,1.83,1.88,1.90,10,2507,0,21.59%,01/15/19
$DJX,240.66,Call,242.00,59,03/15/19,5.05,5.15,5.25,5.18,1,1,1,13.53%,01/14/19
$DJX,240.66,Put,236.00,3,01/18/19,0.22,0.28,0.33,0.79,2,38,0.05,19.44%,01/14/19
$DJX,240.66,Call,260.00,59,03/15/19,0.39,0.43,0.47,0.45,16,1130,0.01,12.70%,01/15/19
$DJX,240.66,Call,209.00,31,02/15/19,30.90,31.2,31.50,30.24,2,2,1,0.00%,01/14/19
$DJX,240.66,Put,224.00,59,03/15/19,2.31,2.36,2.41,2.13,1,0,0,21.79%,01/15/19
$DJX,240.66,Put,227.00,59,03/15/19,2.79,2.85,2.90,4.35,10,11,0.91,21.94%,01/10/19
$DJX,240.66,Put,231.00,3,01/18/19,0.03,0.07,0.10,0.32,3,109,0.03,24.51%,01/11/19
$DJX,240.66,Call,233.00,3,01/18/19,6.90,7.23,7.55,6.00,90,79,1.14,0.00%,01/11/19
$DJX,240.66,Call,229.00,31,02/15/19,12.30,12.55,12.80,11.85,1,1,1,12.56%,01/11/19
$DJX,240.66,Put,240.00,59,03/15/19,6.35,6.48,6.60,8.42,3,216,0.01,19.15%,01/10/19
$DJX,240.66,Put,221.00,3,01/18/19,0.00,0.02,0.04,0.12,1,9,0.11,0.00%,01/09/19
$DJX,240.66,Call,251.00,3,01/18/19,0.00,0.02,0.04,0.10,1,4,0.25,0.00%,01/09/19
$DJX,240.66,Call,265.00,31,02/15/19,0.03,0.06,0.09,0.18,4,1245,0,14.90%,01/14/19
$DJX,240.66,Put,270.00,3,01/18/19,29.60,29.93,30.25,30.15,2,12,0.17,93.57%,01/15/19
$DJX,240.66,Call,235.00,31,02/15/19,7.55,7.73,7.90,6.88,3,6,0.5,13.74%,01/14/19
$DJX,240.66,Call,254.00,31,02/15/19,0.29,0.33,0.37,0.64,2,2,1,12.57%,01/09/19
$DJX,240.66,Put,220.00,31,02/15/19,0.76,0.8,0.84,0.80,2,155,0.01,24.87%,01/15/19
$DJX,240.66,Put,225.00,3,01/18/19,0.00,0.03,0.05,0.08,3,5472,0,0.00%,01/14/19
$DJX,240.66,Put,214.00,59,03/15/19,1.24,1.28,1.32,1.15,1,0,0,24.53%,01/15/19
$DJX,240.66,Call,232.00,3,01/18/19,7.85,8.18,8.50,8.00,5,265,0.02,0.00%,01/11/19
$DJX,240.66,Call,241.00,31,02/15/19,3.70,3.83,3.95,4.20,8,9,0.89,14.50%,01/15/19
$DJX,240.66,Call,250.00,31,02/15/19,0.72,0.77,0.82,0.76,7,369,0.02,12.38%,01/15/19
$DJX,240.66,Put,239.00,59,03/15/19,5.95,6.08,6.20,7.10,80,80,1,19.31%,01/10/19
$DJX,240.66,Call,250.00,3,01/18/19,0.00,0.02,0.04,0.03,1,2270,0,0.00%,01/14/19
$DJX,240.66,Call,240.00,31,02/15/19,4.25,4.4,4.55,4.22,4,13,0.31,12.69%,01/15/19
$DJX,240.66,Put,235.00,59,03/15/19,4.60,4.7,4.80,5.75,245,1285,0.19,20.06%,01/14/19
$DJX,240.66,Call,238.00,3,01/18/19,2.52,2.71,2.89,2.30,1,12,0.08,4.85%,01/14/19
$DJX,240.66,Put,237.00,3,01/18/19,0.34,0.4,0.46,0.65,4,26,0.15,22.90%,01/15/19
$DJX,240.66,Put,246.00,31,02/15/19,7.60,7.78,7.95,7.55,50,0,0,17.13%,01/15/19
$IUXX,6669.64,Put,5400.00,59,03/15/19,18.40,19.35,20.30,30.50,37,43,0.86,33.81%,01/14/19
$IUXX,6669.64,Call,6425.00,59,03/15/19,391.80,395.15,398.50,396.55,1,8,0.13,22.23%,01/15/19
$IUXX,6669.64,Call,6825.00,31,02/15/19,85.80,87.1,88.40,86.90,1,70,0.01,18.57%,01/15/19
$IUXX,6669.64,Call,6075.00,59,03/15/19,668.40,672.75,677.10,644.03,12,36,0.33,23.83%,01/10/19
$IUXX,6669.64,Put,5725.00,59,03/15/19,37.00,37.85,38.70,56.25,1,5,0.2,31.05%,01/11/19
$IUXX,6669.64,Put,6450.00,59,03/15/19,151.30,152.75,154.20,211.07,1,44,0.02,24.72%,01/14/19
$IUXX,6669.64,Put,5750.00,59,03/15/19,39.00,39.85,40.70,44.20,2,26,0.08,31.77%,01/15/19
$IUXX,6669.64,Call,7050.00,31,02/15/19,21.50,22.4,23.30,24.70,16,36,0.44,16.97%,01/15/19
$IUXX,6669.64,Call,6790.00,3,01/18/19,6.00,7.25,8.50,5.65,3,0,0,16.30%,01/15/19
$IUXX,6669.64,Call,6500.00,3,01/18/19,167.60,173.2,178.80,167.67,6,426,0.01,6.80%,01/15/19
$IUXX,6669.64,Put,4000.00,59,03/15/19,0.50,0.85,1.20,1.25,20,89,0.22,46.60%,01/11/19
$IUXX,6669.64,Call,6200.00,59,03/15/19,565.10,569.05,573.00,556.07,2,93,0.02,23.39%,01/10/19
$IUXX,6669.64,Call,6450.00,3,01/18/19,214.30,220.1,225.90,173.20,1,74,0.01,14.11%,01/11/19
$IUXX,6669.64,Put,5325.00,59,03/15/19,15.50,16.4,17.30,16.52,8,3,2.67,34.45%,01/15/19
$IUXX,6669.64,Call,6550.00,31,02/15/19,240.30,244.25,248.20,239.10,8,49,0.16,21.07%,01/15/19
$IUXX,6669.64,Put,6325.00,59,03/15/19,120.00,121.45,122.90,183.70,4,58,0.07,25.85%,01/09/19
$IUXX,6669.64,Call,7000.00,3,01/18/19,0.15,0.43,0.70,0.50,20,431,0.05,22.93%,01/15/19
$IUXX,6669.64,Call,7800.00,31,02/15/19,0.00,0.38,0.75,0.47,15,55,0.27,19.72%,01/15/19
$IUXX,6669.64,Call,7575.00,59,03/15/19,3.60,4,4.40,3.50,2,15,0.13,15.09%,01/15/19
$IUXX,6669.64,Call,6525.00,3,01/18/19,145.50,150.75,156.00,82.20,4,60,0.07,18.16%,01/14/19
$IUXX,6669.64,Call,8425.00,31,02/15/19,0.00,0.13,0.25,0.15,1,31,0.03,25.59%,01/15/19
$IUXX,6669.64,Put,3900.00,59,03/15/19,0.30,0.58,0.85,0.95,6,46,0.13,46.94%,01/11/19
$IUXX,6669.64,Call,6175.00,59,03/15/19,585.30,589.35,593.40,574.41,12,31,0.39,23.48%,01/10/19
$IUXX,6669.64,Call,6750.00,31,02/15/19,118.90,120.9,122.90,111.01,10,156,0.06,18.00%,01/15/19
$IUXX,6669.64,Call,8175.00,31,02/15/19,0.00,0.18,0.35,0.30,5,11,0.45,23.95%,01/15/19
$IUXX,6669.64,Call,7675.00,31,02/15/19,0.00,0.2,0.40,0.25,1,15,0.07,0.00%,01/14/19
$IUXX,6669.64,Put,6525.00,59,03/15/19,173.30,175,176.70,223.24,1,167,0.01,24.04%,01/11/19
$IUXX,6669.64,Call,7350.00,31,02/15/19,2.05,2.35,2.65,2.50,6,15,0.4,15.93%,01/15/19
$IUXX,6669.64,Call,6675.00,31,02/15/19,159.80,161.9,164.00,149.16,29,22,1.32,18.47%,01/15/19
$IUXX,6669.64,Call,6950.00,31,02/15/19,42.60,43.75,44.90,46.10,3,73,0.04,17.69%,01/15/19
$IUXX,6669.64,Put,6425.00,59,03/15/19,144.50,145.95,147.40,202.03,2,14,0.14,24.95%,01/14/19
$IUXX,6669.64,Call,7775.00,31,02/15/19,0.00,0.4,0.80,0.50,9,14,0.64,0.00%,01/10/19
$IUXX,6669.64,Call,7475.00,59,03/15/19,6.10,6.85,7.60,8.84,1,10,0.1,15.40%,01/11/19
$IUXX,6669.64,Call,6000.00,3,01/18/19,656.40,666.25,676.10,555.87,2,135,0.01,0.00%,01/14/19
$IUXX,6669.64,Put,4400.00,59,03/15/19,1.70,2.23,2.75,3.70,5,43,0.12,42.87%,01/14/19
$IUXX,6669.64,Call,6800.00,59,03/15/19,159.40,161.4,163.40,165.79,2,650,0,19.56%,01/15/19
$IUXX,6669.64,Call,6720.00,3,01/18/19,21.90,23.35,24.80,22.73,11,0,0,17.65%,01/15/19
$IUXX,6669.64,Call,8900.00,3,01/18/19,0.00,0.03,0.05,0.05,19,87,0.22,92.72%,01/15/19
$IUXX,6669.64,Call,5390.00,3,01/18/19,1265.90,1275.75,1285.60,1230.96,11,11,1,0.00%,01/09/19
$IUXX,6669.64,Put,6875.00,59,03/15/19,322.10,325.25,328.40,377.90,1,26,0.04,26.22%,01/15/19
$IUXX,6669.64,Call,8025.00,31,02/15/19,0.00,0.15,0.30,0.25,1,19,0.05,21.59%,01/15/19
$IUXX,6669.64,Put,5125.00,59,03/15/19,9.80,10.6,11.40,18.30,8,5,1.6,36.07%,01/09/19
$IUXX,6669.64,Call,6275.00,31,02/15/19,450.00,455.9,461.80,445.60,6,13,0.46,21.92%,01/15/19
$IUXX,6669.64,Put,6375.00,59,03/15/19,131.70,133.15,134.60,140.30,2,28,0.07,26.17%,01/15/19
$IUXX,6669.64,Call,5800.00,59,03/15/19,910.00,914.9,919.80,868.49,1,4,0.25,14.82%,01/15/19
$IUXX,6669.64,Call,6710.00,3,01/18/19,25.70,27.05,28.40,28.10,6,7,0.86,18.52%,01/15/19
$IUXX,6669.64,Call,7400.00,31,02/15/19,1.40,1.63,1.85,1.50,6,31,0.19,15.69%,01/15/19
$IUXX,6669.64,Call,4500.00,3,01/18/19,2155.50,2165.3,2175.10,2060.55,4,9,0.44,0.00%,01/14/19
$IUXX,6669.64,Call,7450.00,3,01/18/19,0.00,0.28,0.55,0.30,13,806,0.02,0.00%,01/10/19
$IUXX,6669.64,Call,6800.00,3,01/18/19,5.60,6.4,7.20,5.10,42,605,0.07,16.76%,01/15/19
$IUXX,6669.64,Put,6675.00,59,03/15/19,226.90,229.15,231.40,238.00,13,4,3.25,23.57%,01/15/19
$IUXX,6669.64,Call,7450.00,59,03/15/19,7.00,7.8,8.60,7.00,13,45,0.29,15.39%,01/14/19
$IUXX,6669.64,Call,7125.00,59,03/15/19,44.10,45.25,46.40,33.50,2,14,0.14,16.66%,01/14/19
$IUXX,6669.64,Call,7250.00,3,01/18/19,0.35,0.45,0.55,0.40,6,122,0.05,36.10%,01/15/19
$IUXX,6669.64,Call,5825.00,31,02/15/19,855.10,862.05,869.00,819.50,10,10,1,22.09%,01/10/19
$IUXX,6669.64,Call,7675.00,59,03/15/19,2.10,2.65,3.20,2.15,5,21,0.24,15.32%,01/15/19
$IUXX,6669.64,Call,6800.00,31,02/15/19,96.60,97.8,99.00,97.75,30,195,0.15,18.84%,01/15/19
$IUXX,6669.64,Call,5700.00,59,03/15/19,1001.60,1006.65,1011.70,962.81,1,2,0.5,22.88%,01/09/19
$IUXX,6669.64,Call,6675.00,3,01/18/19,41.10,42.1,43.10,45.00,17,47,0.36,19.40%,01/15/19
$IUXX,6669.64,Call,6125.00,59,03/15/19,626.50,630.7,634.90,582.19,6,103,0.06,23.67%,01/11/19
$IUXX,6669.64,Call,6850.00,59,03/15/19,135.80,137.55,139.30,128.60,120,484,0.25,17.86%,01/15/19
$IUXX,6669.64,Call,6825.00,59,03/15/19,147.30,149.15,151.00,118.65,8,210,0.04,18.93%,01/14/19
$IUXX,6669.64,Call,6400.00,31,02/15/19,349.00,354.45,359.90,339.30,6,602,0.01,20.59%,01/15/19
$IUXX,6669.64,Put,4700.00,59,03/15/19,3.60,4.2,4.80,4.30,2,40,0.05,40.01%,01/15/19
$IUXX,6669.64,Call,7500.00,59,03/15/19,5.40,6.1,6.80,5.74,1,946,0,15.28%,01/15/19
$IUXX,6669.64,Call,8100.00,3,01/18/19,0.00,0.03,0.05,0.15,15,83,0.18,70.20%,01/15/19
$IUXX,6669.64,Call,7900.00,59,03/15/19,0.40,0.7,1.00,1.49,2,195,0.01,15.80%,01/10/19
$IUXX,6669.64,Call,6750.00,3,01/18/19,13.20,14.7,16.20,15.30,29,146,0.2,18.08%,01/15/19
$IUXX,6669.64,Call,6350.00,31,02/15/19,388.60,394.1,399.60,371.70,1,42,0.02,23.52%,01/09/19
$IUXX,6669.64,Call,6275.00,59,03/15/19,505.30,509.05,512.80,499.30,12,90,0.13,21.78%,01/15/19
$IUXX,6669.64,Call,6520.00,3,01/18/19,150.60,155.55,160.50,140.38,1,2,0.5,11.32%,01/15/19
$IUXX,6669.64,Put,5625.00,59,03/15/19,30.00,30.8,31.60,46.95,2,14,0.14,31.88%,01/14/19
$IUXX,6669.64,Call,7975.00,59,03/15/19,0.15,0.43,0.70,1.10,5,26,0.19,15.76%,01/09/19
$IUXX,6669.64,Call,5000.00,59,03/15/19,1670.50,1676.15,1681.80,1596.20,1,2,0.5,0.00%,01/10/19
$IUXX,6669.64,Call,7925.00,31,02/15/19,0.00,0.15,0.30,0.41,2,8,0.25,0.00%,01/10/19
$IUXX,6669.64,Call,6560.00,3,01/18/19,116.00,120.85,125.70,91.10,2,16,0.13,18.76%,01/11/19
$IUXX,6669.64,Put,5875.00,59,03/15/19,50.20,51.1,52.00,56.72,10,14,0.71,30.78%,01/15/19
$IUXX,6669.64,Call,6830.00,3,01/18/19,2.80,3.55,4.30,3.75,10,10,1,17.84%,01/11/19
$IUXX,6669.64,Put,4600.00,59,03/15/19,2.80,3.4,4.00,5.20,7,234,0.03,40.86%,01/14/19
$IUXX,6669.64,Put,6700.00,59,03/15/19,237.20,239.55,241.90,240.15,1,239,0,22.59%,01/15/19
$IUXX,6669.64,Call,6325.00,3,01/18/19,336.60,342.25,347.90,241.08,2,12,0.17,12.51%,01/14/19
$IUXX,6669.64,Call,5300.00,31,02/15/19,1364.60,1372.1,1379.60,1264.45,5,25,0.2,0.00%,01/14/19
$IUXX,6669.64,Call,6660.00,3,01/18/19,48.90,51.25,53.60,53.00,13,8,1.63,19.55%,01/15/19
$IUXX,6669.64,Call,7175.00,59,03/15/19,34.50,35.65,36.80,37.03,6,37,0.16,16.62%,01/15/19
$IUXX,6669.64,Call,7425.00,3,01/18/19,0.00,0.28,0.55,0.25,6,126,0.05,0.00%,01/10/19
$IUXX,6669.64,Call,6540.00,3,01/18/19,132.60,137.7,142.80,72.10,2,8,0.25,18.51%,01/14/19
$IUXX,6669.64,Call,6525.00,59,03/15/19,321.70,324.7,327.70,333.94,11,190,0.06,21.35%,01/09/19
$IUXX,6669.64,Call,6420.00,3,01/18/19,243.70,249.15,254.60,224.50,6,1,6,0.00%,01/15/19
$IUXX,6669.64,Call,6625.00,59,03/15/19,257.60,259.8,262.00,261.55,21,362,0.06,20.76%,01/15/19
$IUXX,6669.64,Call,6500.00,59,03/15/19,338.90,342,345.10,340.90,3,188,0.02,21.45%,01/15/19
$IUXX,6669.64,Call,6950.00,59,03/15/19,95.20,96.5,97.80,92.40,3,20,0.15,17.51%,01/15/19
$IUXX,6669.64,Put,6950.00,59,03/15/19,366.30,369.8,373.30,426.60,2,31,0.06,26.35%,01/15/19
$IUXX,6669.64,Put,6400.00,59,03/15/19,138.10,139.45,140.80,142.85,27,189,0.14,25.54%,01/15/19
$IUXX,6669.64,Call,6700.00,59,03/15/19,212.90,215.15,217.40,219.20,4,257,0.02,20.37%,01/15/19
$IUXX,6669.64,Put,5250.00,59,03/15/19,13.10,13.95,14.80,23.60,8,13,0.62,35.03%,01/14/19
$IUXX,6669.64,Call,7825.00,31,02/15/19,0.00,0.15,0.30,0.55,5,12,0.42,0.00%,01/10/19
$IUXX,6669.64,Put,4100.00,59,03/15/19,0.70,1.15,1.60,1.55,6,86,0.07,45.92%,01/11/19
$IUXX,6669.64,Put,6600.00,59,03/15/19,198.50,200.35,202.20,260.54,42,332,0.13,23.38%,01/11/19
$IUXX,6669.64,Put,7050.00,59,03/15/19,432.90,436.9,440.90,498.90,1,143,0.01,26.84%,01/15/19
$IUXX,6669.64,Call,7400.00,59,03/15/19,9.40,10.25,11.10,8.40,14,212,0.07,15.44%,01/14/19
$IUXX,6669.64,Put,5900.00,59,03/15/19,52.70,53.65,54.60,53.72,256,80,3.2,29.56%,01/15/19
$IUXX,6669.64,Call,7625.00,31,02/15/19,0.45,0.5,0.55,0.45,77,8,9.63,17.04%,01/15/19
$IUXX,6669.64,Call,7000.00,59,03/15/19,77.90,79.15,80.40,75.00,13,100,0.13,17.09%,01/15/19
$IUXX,6669.64,Call,6825.00,3,01/18/19,3.10,3.9,4.70,5.54,11,135,0.08,19.48%,01/15/19
$IUXX,6669.64,Call,6000.00,59,03/15/19,732.60,737.1,741.60,694.65,1,79,0.01,5.78%,01/15/19
$IUXX,6669.64,Call,6490.00,3,01/18/19,176.70,182.35,188.00,166.84,1,2,0.5,9.31%,01/15/19
$IUXX,6669.64,Call,6590.00,3,01/18/19,93.30,97.35,101.40,75.50,2,16,0.13,19.04%,01/11/19
$IUXX,6669.64,Call,6620.00,3,01/18/19,71.90,75.55,79.20,80.76,1,30,0.03,21.25%,01/15/19
$IUXX,6669.64,Put,6200.00,59,03/15/19,94.50,95.95,97.40,98.35,28,181,0.15,27.25%,01/15/19
$IUXX,6669.64,Call,7475.00,3,01/18/19,0.00,0.28,0.55,0.35,3,46,0.07,0.00%,01/14/19
$IUXX,6669.64,Call,6450.00,59,03/15/19,374.00,377.2,380.40,380.30,33,60,0.55,22.24%,01/15/19
$IUXX,6669.64,Call,8300.00,31,02/15/19,0.25,0.4,0.55,0.25,5,32,0.16,25.16%,01/15/19
$IUXX,6669.64,Put,6725.00,59,03/15/19,247.90,250.35,252.80,324.20,2,2,1,22.32%,01/10/19
$IUXX,6669.64,Call,7725.00,31,02/15/19,0.00,0.18,0.35,0.90,12,11,1.09,0.00%,01/10/19
$IUXX,6669.64,Call,7100.00,31,02/15/19,14.60,15.45,16.30,17.90,4,53,0.08,16.78%,01/15/19
$IUXX,6669.64,Call,8300.00,3,01/18/19,0.00,0.03,0.05,0.15,7,52,0.13,78.17%,01/15/19
$IUXX,6669.64,Call,7225.00,3,01/18/19,0.40,0.48,0.55,0.40,1,117,0.01,34.77%,01/15/19
$IUXX,6669.64,Put,4200.00,59,03/15/19,1.10,1.55,2.00,2.15,8,311,0.03,45.27%,01/14/19
$IUXX,6669.64,Call,7750.00,59,03/15/19,1.30,1.88,2.45,1.50,2,18,0.11,15.50%,01/15/19
$IUXX,6669.64,Call,7700.00,31,02/15/19,0.00,0.2,0.40,0.68,9,14,0.64,0.00%,01/10/19
$IUXX,6669.64,Call,6875.00,59,03/15/19,125.20,126.75,128.30,121.40,5,32,0.16,18.03%,01/15/19
$IUXX,6669.64,Call,6925.00,3,01/18/19,0.30,0.73,1.15,0.60,13,50,0.26,19.39%,01/11/19
$IUXX,6669.64,Call,7500.00,3,01/18/19,0.00,0.15,0.30,0.20,3,237,0.01,0.00%,01/14/19
$IUXX,6669.64,Call,6675.00,59,03/15/19,227.30,229.55,231.80,224.00,14,7,2,19.67%,01/15/19
$IUXX,6669.64,Call,7025.00,31,02/15/19,25.90,26.8,27.70,23.50,15,27,0.56,15.94%,01/15/19
$IUXX,6669.64,Call,8200.00,3,01/18/19,0.00,0.03,0.05,0.15,9,62,0.15,74.22%,01/15/19
$IUXX,6669.64,Call,6600.00,31,02/15/19,206.30,210.3,214.30,211.00,17,204,0.08,21.29%,01/15/19
$IUXX,6669.64,Call,7375.00,3,01/18/19,0.00,0.28,0.55,0.40,10,105,0.1,0.00%,01/10/19
$IUXX,6669.64,Call,6900.00,59,03/15/19,114.70,116.1,117.50,117.00,3,237,0.01,18.43%,01/15/19
$IUXX,6669.64,Call,7400.00,3,01/18/19,0.05,0.15,0.25,0.25,4,401,0.01,41.78%,01/15/19
$IUXX,6669.64,Call,6000.00,31,02/15/19,691.90,698.5,705.10,606.81,4,62,0.06,24.76%,01/14/19
$IUXX,6669.64,Call,7650.00,59,03/15/19,2.40,2.95,3.50,2.45,22,44,0.5,15.28%,01/15/19
$IUXX,6669.64,Put,5550.00,59,03/15/19,25.60,26.45,27.30,26.95,2,23,0.09,32.68%,01/15/19
$IUXX,6669.64,Call,7275.00,3,01/18/19,0.30,0.43,0.55,0.30,4,100,0.04,36.27%,01/15/19
$IUXX,6669.64,Put,6900.00,59,03/15/19,336.30,339.55,342.80,405.20,90,393,0.23,21.02%,01/09/19
$IUXX,6669.64,Call,7900.00,31,02/15/19,0.00,0.15,0.30,0.18,15,32,0.47,19.33%,01/15/19
$IUXX,6669.64,Call,8375.00,31,02/15/19,0.00,0.1,0.20,0.15,2,14,0.14,24.99%,01/15/19
$IUXX,6669.64,Call,6670.00,3,01/18/19,43.70,44.7,45.70,42.70,9,7,1.29,17.43%,01/15/19
$IUXX,6669.64,Put,5150.00,59,03/15/19,10.40,11.2,12.00,11.13,2,5,0.4,35.82%,01/15/19
$IUXX,6669.64,Put,7325.00,59,03/15/19,657.40,662.7,668.00,738.88,1,2,0.5,20.86%,01/11/19
$IUXX,6669.64,Put,7075.00,59,03/15/19,450.90,455.05,459.20,536.30,1,11,0.09,20.24%,01/09/19
$IUXX,6669.64,Put,5850.00,59,03/15/19,47.70,48.6,49.50,53.98,10,79,0.13,30.98%,01/15/19
$IUXX,6669.64,Call,6740.00,3,01/18/19,15.60,17.15,18.70,11.58,2,0,0,14.83%,01/15/19
$IUXX,6669.64,Call,7375.00,31,02/15/19,1.70,1.98,2.25,2.00,4,14,0.29,15.87%,01/15/19
$IUXX,6669.64,Put,3700.00,59,03/15/19,0.05,0.23,0.40,0.45,4,16,0.25,47.23%,01/14/19
$IUXX,6669.64,Call,7100.00,59,03/15/19,49.80,50.95,52.10,49.30,100,144,0.69,16.61%,01/15/19
$IUXX,6669.64,Put,6300.00,59,03/15/19,114.60,116,117.40,149.60,1,1479,0,29.86%,01/15/19
$IUXX,6669.64,Call,8200.00,31,02/15/19,0.00,0.18,0.35,0.25,4,64,0.06,23.88%,01/15/19
$IUXX,6669.64,Call,7075.00,31,02/15/19,17.70,18.6,19.50,21.20,4,18,0.22,16.90%,01/15/19
$IUXX,6669.64,Call,7325.00,3,01/18/19,0.25,0.4,0.55,0.30,4,1736,0,38.81%,01/15/19
$IUXX,6669.64,Call,6075.00,31,02/15/19,623.90,630.35,636.80,595.28,6,26,0.23,24.88%,01/10/19
$IUXX,6669.64,Call,4500.00,59,03/15/19,2158.70,2168.55,2178.40,2063.15,4,4,1,0.00%,01/14/19
$IUXX,6669.64,Put,6625.00,59,03/15/19,207.70,209.55,211.40,212.60,19,315,0.06,23.45%,01/15/19
$IUXX,6669.64,Call,6840.00,3,01/18/19,2.20,2.9,3.60,3.35,5,10,0.5,18.43%,01/15/19
$IUXX,6669.64,Call,6760.00,3,01/18/19,11.00,12.4,13.80,8.21,13,1,13,15.12%,01/15/19
$IUXX,6669.64,Call,7325.00,59,03/15/19,15.00,15.75,16.50,15.70,1,9,0.11,15.65%,01/15/19
$IUXX,6669.64,Call,6475.00,3,01/18/19,191.40,196.75,202.10,153.35,1,33,0.03,15.18%,01/11/19
$IUXX,6669.64,Call,7500.00,31,02/15/19,0.55,0.85,1.15,1.00,20,402,0.05,16.25%,01/14/19
$IUXX,6669.64,Call,8225.00,31,02/15/19,0.00,0.18,0.35,0.30,5,20,0.25,24.60%,01/15/19
$IUXX,6669.64,Call,7200.00,59,03/15/19,30.10,31.25,32.40,31.40,7,128,0.05,16.27%,01/15/19
$IUXX,6669.64,Call,6730.00,3,01/18/19,18.40,20,21.60,20.20,26,26,1,17.80%,01/11/19
$IUXX,6669.64,Call,6900.00,31,02/15/19,57.90,58.95,60.00,60.00,25,126,0.2,17.98%,01/15/19
$IUXX,6669.64,Call,8450.00,31,02/15/19,0.00,0.13,0.25,0.15,1,17,0.06,25.89%,01/15/19
$IUXX,6669.64,Call,6725.00,31,02/15/19,131.40,133.65,135.90,133.38,5,9,0.56,19.49%,01/15/19
$IUXX,6669.64,Call,5300.00,3,01/18/19,1355.90,1365.7,1375.50,1255.74,5,3,1.67,0.00%,01/14/19
$IUXX,6669.64,Call,6400.00,3,01/18/19,263.00,268.55,274.10,269.03,2,381,0.01,4.32%,01/15/19
$IUXX,6669.64,Call,6575.00,59,03/15/19,288.60,291.45,294.30,276.00,39,211,0.18,19.47%,01/15/19
$IUXX,6669.64,Call,6525.00,31,02/15/19,257.30,261.3,265.30,191.20,7,28,0.25,21.98%,01/14/19
$IUXX,6669.64,Call,6925.00,31,02/15/19,49.70,50.9,52.10,53.25,1,37,0.03,17.91%,01/15/19
$IUXX,6669.64,Call,7300.00,31,02/15/19,2.95,3.38,3.80,3.50,2,83,0.02,15.80%,01/15/19
$IUXX,6669.64,Put,4900.00,59,03/15/19,5.80,6.5,7.20,6.66,42,47,0.89,38.20%,01/15/19
$IUXX,6669.64,Call,8125.00,31,02/15/19,0.00,0.18,0.35,0.30,4,33,0.12,23.29%,01/15/19
$IUXX,6669.64,Call,4900.00,59,03/15/19,1768.50,1774.2,1779.90,1693.00,1,1,1,0.00%,01/10/19
$IUXX,6669.64,Call,6770.00,3,01/18/19,9.10,10.45,11.80,11.30,2,0,0,18.18%,01/15/19
$IUXX,6669.64,Call,6775.00,31,02/15/19,106.70,108.85,111.00,114.50,11,31,0.35,19.79%,01/15/19
$IUXX,6669.64,Call,6550.00,3,01/18/19,124.30,129.25,134.20,68.60,17,56,0.3,18.70%,01/14/19
$IUXX,6669.64,Call,6975.00,3,01/18/19,0.20,0.5,0.80,0.96,5,72,0.07,21.44%,01/10/19
$IUXX,6669.64,Call,6575.00,3,01/18/19,104.90,109.1,113.30,111.00,15,43,0.35,20.19%,01/15/19
$IUXX,6669.64,Put,7000.00,59,03/15/19,398.60,402.35,406.10,485.85,7,51,0.14,20.50%,01/14/19
$IUXX,6669.64,Put,6475.00,59,03/15/19,158.40,159.9,161.40,215.50,2,31,0.06,24.50%,01/09/19
$IUXX,6669.64,Call,6250.00,59,03/15/19,525.00,528.8,532.60,531.26,24,575,0.04,23.46%,01/15/19
$IUXX,6669.64,Call,7825.00,59,03/15/19,0.80,1.05,1.30,2.15,1,14,0.07,15.69%,01/09/19
$IUXX,6669.64,Call,6550.00,59,03/15/19,305.00,307.95,310.90,260.00,66,92,0.72,21.17%,01/14/19
$IUXX,6669.64,Call,6725.00,59,03/15/19,198.90,200.95,203.00,163.20,2,7,0.29,19.78%,01/14/19
$IUXX,6669.64,Call,6400.00,59,03/15/19,409.80,413.35,416.90,398.90,1,58,0.02,20.63%,01/15/19
$IUXX,6669.64,Call,7150.00,31,02/15/19,9.60,10.45,11.30,10.10,8,158,0.05,15.72%,01/15/19
$IUXX,6669.64,Put,6975.00,59,03/15/19,382.10,385.75,389.40,444.00,3,3,1,26.45%,01/15/19
$IUXX,6669.64,Put,5525.00,59,03/15/19,24.20,25.1,26.00,38.75,13,29,0.45,32.75%,01/14/19
$IUXX,6669.64,Call,7775.00,59,03/15/19,1.10,1.68,2.25,1.35,2,9,0.22,15.59%,01/15/19
$IUXX,6669.64,Call,6360.00,3,01/18/19,301.40,307.4,313.40,219.45,1,5,0.2,0.00%,01/15/19
$IUXX,6669.64,Put,5925.00,59,03/15/19,55.40,56.4,57.40,77.80,5,32,0.16,29.34%,01/10/19
$IUXX,6669.64,Call,8000.00,3,01/18/19,0.00,0.03,0.05,0.05,35,215,0.16,60.61%,01/15/19
$IUXX,6669.64,Call,7250.00,59,03/15/19,23.30,24.1,24.90,25.24,6,51,0.12,16.23%,01/15/19
$IUXX,6669.64,Call,8400.00,31,02/15/19,0.00,0.08,0.15,0.10,3,35,0.09,24.48%,01/15/19
$IUXX,6669.64,Put,5775.00,59,03/15/19,41.00,41.9,42.80,62.95,1,15,0.07,30.64%,01/09/19
$IUXX,6669.64,Call,6870.00,3,01/18/19,0.90,1.6,2.30,0.71,5,5,1,18.03%,01/14/19
$IUXX,6669.64,Put,6350.00,59,03/15/19,125.80,127.2,128.60,133.81,3,59,0.05,26.35%,01/15/19
$IUXX,6669.64,Call,6650.00,59,03/15/19,241.90,244.45,247.00,243.00,155,125,1.24,20.25%,01/15/19
$IUXX,6669.64,Call,6480.00,3,01/18/19,185.90,191.65,197.40,109.70,1,6,0.17,14.37%,01/14/19
$IUXX,6669.64,Call,7800.00,3,01/18/19,0.00,0.13,0.25,0.15,8,101,0.08,57.69%,01/15/19
$IUXX,6669.64,Call,7300.00,59,03/15/19,17.40,18.2,19.00,18.00,1,24,0.04,15.73%,01/15/19
$IUXX,6669.64,Call,7750.00,31,02/15/19,0.00,0.4,0.80,0.45,1,12,0.08,0.00%,01/11/19
$IUXX,6669.64,Put,5200.00,59,03/15/19,11.60,12.45,13.30,13.20,4,16,0.25,35.80%,01/15/19
$IUXX,6669.64,Put,5475.00,59,03/15/19,21.70,22.65,23.60,22.70,8,14,0.57,33.20%,01/15/19
$IUXX,6669.64,Put,5375.00,59,03/15/19,17.40,18.35,19.30,19.60,2,9,0.22,34.50%,01/15/19
$IUXX,6669.64,Call,7100.00,3,01/18/19,0.35,0.45,0.55,0.76,5,814,0.01,28.36%,01/09/19
$IUXX,6669.64,Call,7075.00,59,03/15/19,56.30,57.3,58.30,45.00,1,9,0.11,17.01%,01/14/19
$IUXX,6669.64,Call,7025.00,59,03/15/19,70.10,71.3,72.50,65.90,14,19,0.74,16.74%,01/15/19
$IUXX,6669.64,Put,5800.00,59,03/15/19,43.20,44.05,44.90,44.42,14,35,0.4,30.50%,01/15/19
$IUXX,6669.64,Call,7950.00,31,02/15/19,0.00,0.15,0.30,0.35,3,36,0.08,0.00%,01/10/19
$IUXX,6669.64,Call,6600.00,3,01/18/19,86.00,89.85,93.70,90.00,63,264,0.24,19.08%,01/15/19
$IUXX,6669.64,Call,6975.00,31,02/15/19,36.20,37.35,38.50,37.25,1,19,0.05,17.04%,01/15/19
$IUXX,6669.64,Call,7450.00,31,02/15/19,0.90,1.13,1.35,0.90,2,23,0.09,15.53%,01/15/19
$IUXX,6669.64,Put,6225.00,59,03/15/19,99.20,100.6,102.00,102.10,4,31,0.13,26.91%,01/15/19
$IUXX,6669.64,Call,8250.00,31,02/15/19,0.00,0.18,0.35,0.30,6,14,0.43,24.93%,01/15/19
$IUXX,6669.64,Call,6050.00,31,02/15/19,646.40,652.9,659.40,609.40,2,44,0.05,24.87%,01/09/19
$IUXX,6669.64,Put,5025.00,59,03/15/19,7.70,8.5,9.30,14.72,1,28,0.04,36.92%,01/09/19
$IUXX,6669.64,Call,6300.00,59,03/15/19,485.80,489.5,493.20,478.37,10,64,0.16,21.51%,01/15/19
$IUXX,6669.64,Put,5700.00,59,03/15/19,35.20,35.95,36.70,36.00,16,85,0.19,31.27%,01/15/19
$IUXX,6669.64,Call,7075.00,3,01/18/19,0.35,0.48,0.60,0.50,7,126,0.06,27.30%,01/15/19
$IUXX,6669.64,Put,5825.00,59,03/15/19,45.40,46.3,47.20,50.35,4,19,0.21,30.99%,01/15/19
$IUXX,6669.64,Call,6775.00,59,03/15/19,171.90,174,176.10,139.99,2,30,0.07,19.34%,01/14/19
$IUXX,6669.64,Put,5425.00,59,03/15/19,19.50,20.45,21.40,21.80,2,8,0.25,34.09%,01/15/19
$IUXX,6669.64,Call,8050.00,31,02/15/19,0.00,0.15,0.30,0.25,1,9,0.11,21.92%,01/15/19
$IUXX,6669.64,Call,8400.00,3,01/18/19,0.00,0.03,0.05,0.15,6,72,0.08,82.05%,01/15/19
$IUXX,6669.64,Put,5075.00,59,03/15/19,8.70,9.5,10.30,15.67,4,2,2,36.50%,01/14/19
$IUXX,6669.64,Call,6850.00,3,01/18/19,1.50,2.3,3.10,3.33,20,58,0.34,19.23%,01/15/19
$IUXX,6669.64,Call,7875.00,31,02/15/19,0.00,0.35,0.70,0.45,4,7,0.57,0.00%,01/10/19
$IUXX,6669.64,Call,6950.00,3,01/18/19,0.25,0.6,0.95,0.95,2,442,0,21.82%,01/15/19
$IUXX,6669.64,Put,5100.00,59,03/15/19,9.20,10,10.80,10.92,2,21,0.1,36.82%,01/15/19
$IUXX,6669.64,Call,6700.00,31,02/15/19,147.50,148.65,149.80,146.87,10,149,0.07,19.75%,01/15/19
$IUXX,6669.64,Call,7050.00,59,03/15/19,62.80,64,65.20,64.80,19,131,0.15,17.28%,01/15/19
$IUXX,6669.64,Call,6475.00,31,02/15/19,294.00,297.9,301.80,291.90,5,19,0.26,21.64%,01/15/19
$IUXX,6669.64,Call,6600.00,59,03/15/19,272.60,275.35,278.10,279.05,19,292,0.07,21.13%,01/15/19
$IUXX,6669.64,Call,7150.00,59,03/15/19,39.30,40.3,41.30,39.00,3,46,0.07,16.35%,01/15/19
$IUXX,6669.64,Call,8700.00,3,01/18/19,0.00,0.03,0.05,0.10,17,27,0.63,90.43%,01/15/19
$IUXX,6669.64,Call,8000.00,31,02/15/19,0.00,0.15,0.30,0.30,1,23,0.04,21.62%,01/15/19
$IUXX,6669.64,Call,5925.00,31,02/15/19,761.20,767.95,774.70,717.10,1,1,1,24.28%,01/09/19
$IUXX,6669.64,Call,6700.00,3,01/18/19,29.90,31.1,32.30,33.90,111,243,0.46,19.38%,01/15/19
$IUXX,6669.64,Put,5600.00,59,03/15/19,28.50,29.3,30.10,30.60,13,65,0.2,32.46%,01/15/19
$IUXX,6669.64,Call,6625.00,31,02/15/19,190.30,194.15,198.00,186.55,7,23,0.3,19.91%,01/15/19
$IUXX,6669.64,Put,5975.00,59,03/15/19,61.10,62.15,63.20,62.30,65,156,0.42,28.92%,01/15/19
$IUXX,6669.64,Call,6750.00,59,03/15/19,184.90,187.1,189.30,150.65,24,60,0.4,19.55%,01/14/19
$IUXX,6669.64,Put,6000.00,59,03/15/19,64.10,65.15,66.20,65.40,97,75,1.29,28.70%,01/15/19
$IUXX,6669.64,Call,7250.00,31,02/15/19,4.30,5,5.70,4.80,13,34,0.38,15.62%,01/15/19
$IUXX,6669.64,Call,7550.00,59,03/15/19,4.10,4.75,5.40,4.40,8,11,0.73,15.31%,01/15/19
$IUXX,6669.64,Call,6850.00,31,02/15/19,75.50,76.85,78.20,57.70,5,69,0.07,15.57%,01/15/19
$IUXX,6669.64,Call,6500.00,31,02/15/19,275.60,279.45,283.30,253.80,10,212,0.05,18.50%,01/15/19
$IUXX,6669.64,Put,4300.00,59,03/15/19,1.70,2.03,2.35,2.75,7,67,0.1,44.50%,01/14/19
$IUXX,6669.64,Put,5000.00,59,03/15/19,7.30,8.05,8.80,7.90,3,552,0.01,37.03%,01/15/19
$IUXX,6669.64,Call,8350.00,31,02/15/19,0.00,0.08,0.15,0.10,1,21,0.05,23.90%,01/15/19
$IUXX,6669.64,Put,6575.00,59,03/15/19,189.60,191.45,193.30,217.00,39,226,0.17,26.05%,01/15/19
$IUXX,6669.64,Call,8800.00,3,01/18/19,0.00,0.03,0.05,0.10,19,40,0.48,93.98%,01/15/19
$IUXX,6669.64,Call,7600.00,59,03/15/19,3.10,3.5,3.90,3.40,11,40,0.28,15.43%,01/11/19
$IUXX,6669.64,Call,6875.00,3,01/18/19,0.80,1.48,2.15,1.55,9,225,0.04,18.29%,01/15/19
$IUXX,6669.64,Put,7275.00,31,02/15/19,599.40,606.75,614.10,606.72,2,2,1,22.16%,01/15/19
$IUXX,6669.64,Call,7000.00,31,02/15/19,31.10,31.95,32.80,33.00,97,240,0.4,17.09%,01/15/19
$IUXX,6669.64,Call,6690.00,3,01/18/19,33.90,35,36.10,30.10,2,7,0.29,16.03%,01/15/19
$IUXX,6669.64,Call,8150.00,31,02/15/19,0.00,0.15,0.30,0.30,3,13,0.23,23.62%,01/15/19
$IUXX,6669.64,Put,6100.00,59,03/15/19,77.70,79.05,80.40,80.69,3,109,0.03,28.02%,01/15/19
$IUXX,6669.64,Call,6680.00,3,01/18/19,38.60,39.65,40.70,32.40,2,2,1,18.17%,01/10/19
$IUXX,6669.64,Call,7800.00,59,03/15/19,0.95,1.18,1.40,1.16,2,141,0.01,15.59%,01/15/19
$IUXX,6669.64,Call,8500.00,3,01/18/19,0.00,0.03,0.05,0.05,16,27,0.59,79.01%,01/15/19
$IUXX,6669.64,Call,6275.00,3,01/18/19,385.10,391.25,397.40,362.65,4,8,0.5,0.00%,01/15/19
$IUXX,6669.64,Put,6500.00,59,03/15/19,165.80,167.55,169.30,169.17,255,206,1.24,24.46%,01/15/19
$IUXX,6669.64,Put,6550.00,59,03/15/19,181.40,183.1,184.80,184.00,21,88,0.24,23.91%,01/15/19
$IUXX,6669.64,Call,6630.00,3,01/18/19,65.40,68.9,72.40,56.30,1,60,0.02,13.07%,01/15/19
$IUXX,6669.64,Put,4500.00,59,03/15/19,2.20,2.75,3.30,4.20,28,647,0.04,41.86%,01/14/19
$IUXX,6669.64,Call,7650.00,31,02/15/19,0.00,0.2,0.40,0.95,1,21,0.05,0.00%,01/10/19
$IUXX,6669.64,Call,7525.00,31,02/15/19,0.40,0.73,1.05,0.85,12,20,0.6,16.35%,01/14/19
$IUXX,6669.64,Call,7975.00,31,02/15/19,0.00,0.15,0.30,0.39,3,4,0.75,0.00%,01/10/19
$IUXX,6669.64,Call,6650.00,3,01/18/19,54.70,57.1,59.50,55.10,222,137,1.62,18.11%,01/15/19
$IUXX,6669.64,Call,7725.00,59,03/15/19,1.55,2.1,2.65,1.70,2,161,0.01,15.45%,01/15/19
$IUXX,6669.64,Call,7050.00,3,01/18/19,0.05,0.33,0.60,0.30,7,895,0.01,24.33%,01/15/19
$IUXX,6669.64,Call,7700.00,3,01/18/19,0.00,0.28,0.55,0.28,10,235,0.04,0.00%,01/09/19
$IUXX,6669.64,Call,6510.00,3,01/18/19,158.60,164.1,169.60,82.35,1,5,0.2,17.56%,01/14/19
$IUXX,6669.64,Call,6650.00,31,02/15/19,174.70,178.5,182.30,174.30,17,22,0.77,20.07%,01/15/19
$IUXX,6669.64,Put,5950.00,59,03/15/19,58.20,59.2,60.20,61.83,4,35,0.11,29.55%,01/15/19
$IUXX,6669.64,Call,7900.00,3,01/18/19,0.00,0.28,0.55,0.05,20,149,0.13,0.00%,01/10/19
$IUXX,6669.64,Call,6625.00,3,01/18/19,68.60,72.2,75.80,77.40,5,44,0.11,21.19%,01/15/19
$IUXX,6669.64,Put,3600.00,59,03/15/19,0.30,0.65,1.00,0.71,1,14,0.07,54.46%,01/15/19
$IUXX,6669.64,Call,7850.00,31,02/15/19,0.00,0.15,0.30,0.40,5,20,0.25,0.00%,01/10/19
$IUXX,6669.64,Call,7325.00,31,02/15/19,2.45,3.03,3.60,3.10,3,8,0.38,15.98%,01/15/19
$IUXX,6669.64,Call,6025.00,59,03/15/19,711.10,715.55,720.00,678.10,42,75,0.56,23.95%,01/09/19
$IUXX,6669.64,Call,9000.00,3,01/18/19,0.00,0.03,0.05,0.05,17,99,0.17,96.02%,01/15/19
$IUXX,6669.64,Call,7225.00,31,02/15/19,5.20,5.95,6.70,6.53,11,36,0.31,16.01%,01/15/19
$IUXX,6669.64,Call,6570.00,3,01/18/19,108.70,113.05,117.40,85.40,1,11,0.09,19.04%,01/11/19
$IUXX,6669.64,Call,6350.00,59,03/15/19,447.50,451.05,454.60,412.15,1,2,0.5,22.58%,01/11/19
$IUXX,6669.64,Call,6300.00,3,01/18/19,360.40,366.6,372.80,285.50,1,129,0.01,5.78%,01/11/19
$IUXX,6669.64,Call,7525.00,59,03/15/19,4.70,5.35,6.00,4.90,2,52,0.04,15.22%,01/15/19
$IUXX,6669.64,Call,7600.00,3,01/18/19,0.00,0.28,0.55,0.05,1,1609,0,0.00%,01/10/19
$IUXX,6669.64,Call,8325.00,31,02/15/19,0.00,0.15,0.30,0.25,8,24,0.33,25.47%,01/15/19
$IUXX,6669.64,Call,6125.00,31,02/15/19,579.30,585.6,591.90,528.91,3,55,0.05,24.79%,01/11/19
$IUXX,6669.64,Put,6800.00,59,03/15/19,282.90,285.65,288.40,369.30,300,518,0.58,21.73%,01/14/19
$IUXX,6669.64,Call,6175.00,31,02/15/19,534.40,541,547.60,521.55,6,15,0.4,24.48%,01/10/19
$IUXX,6669.64,Call,8600.00,3,01/18/19,0.00,0.03,0.05,0.10,17,50,0.34,86.82%,01/15/19
$IUXX,6669.64,Call,6580.00,3,01/18/19,101.00,105.15,109.30,40.13,1,18,0.06,19.08%,01/14/19
$IUXX,6669.64,Call,7625.00,59,03/15/19,2.75,3.33,3.90,2.85,7,22,0.32,15.29%,01/15/19
$IUXX,6669.64,Put,5650.00,59,03/15/19,31.70,32.45,33.20,31.66,4,9,0.44,31.48%,01/15/19
$IUXX,6669.64,Call,7600.00,31,02/15/19,0.05,0.38,0.70,0.48,1,63,0.02,16.35%,01/14/19
$IUXX,6669.64,Call,6350.00,3,01/18/19,311.20,317.2,323.20,257.90,5,61,0.08,14.93%,01/11/19
$IUXX,6669.64,Call,8275.00,31,02/15/19,0.00,0.18,0.35,0.25,7,16,0.44,24.84%,01/15/19
$IUXX,6669.64,Call,7125.00,3,01/18/19,0.35,0.45,0.55,0.35,10,151,0.07,29.76%,01/11/19
$IUXX,6669.64,Call,7425.00,31,02/15/19,1.15,1.33,1.50,1.10,1,15,0.07,15.49%,01/15/19
$IUXX,6669.64,Put,6250.00,59,03/15/19,104.10,105.5,106.90,143.00,2,578,0,26.51%,01/14/19
$IUXX,6669.64,Call,7025.00,3,01/18/19,0.10,0.38,0.65,0.60,2,33,0.06,24.98%,01/15/19
$IUXX,6669.64,Call,6100.00,31,02/15/19,601.50,607.85,614.20,581.46,1,44,0.02,24.83%,01/09/19
$IUXX,6669.64,Put,5575.00,59,03/15/19,27.00,27.85,28.70,28.80,3,61,0.05,32.59%,01/15/19
$IUXX,6669.64,Call,8100.00,31,02/15/19,0.25,0.43,0.60,0.20,1,15,0.07,22.14%,01/15/19
$IUXX,6669.64,Call,8300.00,59,03/15/19,0.00,0.15,0.30,0.25,3,123,0.02,0.00%,01/10/19
$IUXX,6669.64,Call,6425.00,3,01/18/19,238.10,243.95,249.80,244.71,6,81,0.07,12.37%,01/15/19
$IUXX,6669.64,Call,6250.00,3,01/18/19,410.60,416.55,422.50,386.35,4,1291,0,0.00%,01/15/19
$IUXX,6669.64,Put,5275.00,59,03/15/19,13.80,14.7,15.60,23.90,2,2,1,34.81%,01/09/19
$IUXX,6669.64,Put,6650.00,59,03/15/19,217.00,219.05,221.10,224.00,155,41,3.78,23.41%,01/15/19
$IUXX,6669.64,Call,6810.00,3,01/18/19,4.50,5.3,6.10,7.35,6,23,0.26,17.87%,01/11/19
$IUXX,6669.64,Call,6775.00,3,01/18/19,8.70,9.8,10.90,9.52,19,110,0.17,17.60%,01/15/19
$IUXX,6669.64,Call,6900.00,3,01/18/19,0.40,1,1.60,1.60,1,194,0.01,20.20%,01/15/19
$IUXX,6669.64,Call,6875.00,31,02/15/19,66.60,67.65,68.70,62.10,6,71,0.08,17.27%,01/15/19
$IUXX,6669.64,Call,8225.00,59,03/15/19,0.00,0.15,0.30,0.15,1,14,0.07,0.00%,01/11/19
$IUXX,6669.64,Call,7350.00,3,01/18/19,0.00,0.28,0.55,0.20,5,120,0.04,38.47%,01/15/19
$IUXX,6669.64,Put,5300.00,59,03/15/19,14.60,15.55,16.50,14.87,7,89,0.08,34.32%,01/15/19
$IUXX,6669.64,Call,5380.00,3,01/18/19,1275.90,1285.75,1295.60,1240.96,11,16,0.69,0.00%,01/09/19
$IUXX,6669.64,Call,7200.00,31,02/15/19,6.30,7.1,7.90,6.50,11,69,0.16,15.42%,01/15/19
$IUXX,6669.64,Call,6250.00,31,02/15/19,471.00,476.9,482.80,479.83,12,38,0.32,24.82%,01/15/19
$IUXX,6669.64,Call,6975.00,59,03/15/19,86.30,87.6,88.90,82.90,11,10,1.1,17.24%,01/15/19
$IUXX,6669.64,Call,6025.00,31,02/15/19,669.10,675.65,682.20,630.20,21,88,0.24,24.84%,01/09/19
$IUXX,6669.64,Call,7225.00,59,03/15/19,26.70,27.6,28.50,24.50,1,18,0.06,15.59%,01/15/19
$IUXX,6669.64,Call,6300.00,31,02/15/19,429.30,435.15,441.00,423.03,6,49,0.12,21.50%,01/15/19
$IUXX,6669.64,Put,6150.00,59,03/15/19,85.70,87.15,88.60,91.31,1,14,0.07,27.92%,01/15/19
$IUXX,6669.64,Call,7700.00,59,03/15/19,1.80,2.35,2.90,1.85,2,426,0,15.32%,01/15/19
$IUXX,6669.64,Call,6530.00,3,01/18/19,141.20,146.4,151.60,73.30,1,15,0.07,18.33%,01/14/19
$IUXX,6669.64,Call,9000.00,31,02/15/19,0.00,0.28,0.55,0.25,8,132,0.06,0.00%,01/10/19
$IUXX,6669.64,Call,7300.00,3,01/18/19,0.00,0.15,0.30,0.30,4,260,0.02,37.54%,01/15/19
$IUXX,6669.64,Call,6475.00,59,03/15/19,356.10,359.3,362.50,374.50,5,37,0.14,21.72%,01/09/19
$IUXX,6669.64,Put,3800.00,59,03/15/19,0.15,0.4,0.65,0.65,5,29,0.17,47.47%,01/14/19
$IUXX,6669.64,Put,5350.00,59,03/15/19,16.50,17.4,18.30,27.63,10,21,0.48,34.23%,01/14/19
$IUXX,6669.64,Put,5500.00,59,03/15/19,22.90,23.9,24.90,23.78,55,151,0.36,32.94%,01/15/19
$IUXX,6669.64,Call,7200.00,3,01/18/19,0.40,0.48,0.55,0.05,4,644,0.01,34.10%,01/09/19
$IUXX,6669.64,Call,6575.00,31,02/15/19,223.30,227.15,231.00,217.00,1,195,0.01,20.13%,01/15/19
$IUXX,6669.64,Call,8075.00,31,02/15/19,0.00,0.15,0.30,0.30,3,18,0.17,22.63%,01/15/19
$IUXX,6669.64,Call,7125.00,31,02/15/19,11.90,12.75,13.60,14.15,8,13,0.62,16.41%,01/15/19
$IUXX,6669.64,Call,6610.00,3,01/18/19,78.70,82.5,86.30,65.71,1,28,0.04,9.69%,01/15/19
$IUXX,6669.64,Call,6725.00,3,01/18/19,20.60,21.9,23.20,23.00,10,87,0.11,18.50%,01/15/19
$IUXX,6669.64,Put,6875.00,59,03/15/19,322.10,325.25,328.40,377.90,1,26,0.04,26.22%,01/15/19
$IUXX,6669.64,Call,7125.00,59,03/15/19,44.10,45.25,46.40,33.50,2,14,0.14,16.66%,01/14/19
$IUXX,6669.64,Call,7150.00,31,02/15/19,9.60,10.45,11.30,10.10,8,158,0.05,15.72%,01/15/19
$IUXX,6669.64,Call,6025.00,31,02/15/19,669.10,675.65,682.20,630.20,21,88,0.24,24.84%,01/09/19
$IUXX,6669.64,Put,5825.00,59,03/15/19,45.40,46.3,47.20,50.35,4,19,0.21,30.99%,01/15/19
$IUXX,6669.64,Put,6260.00,3,01/18/19,0.30,0.88,1.45,9.87,4,18,0.22,31.72%,01/14/19
$IUXX,6669.64,Call,6660.00,3,01/18/19,48.90,51.25,53.60,53.00,13,8,1.63,19.55%,01/15/19
$IUXX,6669.64,Call,7000.00,31,02/15/19,31.10,31.95,32.80,33.00,97,240,0.4,17.09%,01/15/19
$IUXX,6669.64,Call,6525.00,3,01/18/19,145.50,150.75,156.00,82.20,4,60,0.07,18.16%,01/14/19
$IUXX,6669.64,Call,8600.00,3,01/18/19,0.00,0.03,0.05,0.10,17,50,0.34,86.82%,01/15/19
$IUXX,6669.64,Put,6925.00,3,01/18/19,250.70,260.1,269.50,282.89,4,23,0.17,46.33%,01/15/19
$IUXX,6669.64,Put,5025.00,31,02/15/19,1.45,2,2.55,2.20,1,10,0.1,41.68%,01/15/19
$IUXX,6669.64,Put,6375.00,31,02/15/19,76.40,78.25,80.10,79.75,1,36,0.03,26.10%,01/15/19
$IUXX,6669.64,Call,6550.00,59,03/15/19,305.00,307.95,310.90,260.00,66,92,0.72,21.17%,01/14/19
$IUXX,6669.64,Call,6050.00,31,02/15/19,646.40,652.9,659.40,609.40,2,44,0.05,24.87%,01/09/19
$IUXX,6669.64,Call,7300.00,59,03/15/19,17.40,18.2,19.00,18.00,1,24,0.04,15.73%,01/15/19
$IUXX,6669.64,Call,7225.00,59,03/15/19,26.70,27.6,28.50,24.50,1,18,0.06,15.59%,01/15/19
$IUXX,6669.64,Call,6625.00,3,01/18/19,68.60,72.2,75.80,77.40,5,44,0.11,21.19%,01/15/19
$IUXX,6669.64,Put,6600.00,59,03/15/19,198.50,200.35,202.20,260.54,42,332,0.13,23.38%,01/11/19
$IUXX,6669.64,Put,5500.00,59,03/15/19,22.90,23.9,24.90,23.78,55,151,0.36,32.94%,01/15/19
$IUXX,6669.64,Put,5800.00,31,02/15/19,16.20,17.25,18.30,16.65,31,266,0.12,32.29%,01/15/19
$IUXX,6669.64,Call,7025.00,31,02/15/19,25.90,26.8,27.70,23.50,15,27,0.56,15.94%,01/15/19
$IUXX,6669.64,Call,5390.00,3,01/18/19,1265.90,1275.75,1285.60,1230.96,11,11,1,0.00%,01/09/19
$IUXX,6669.64,Call,7450.00,3,01/18/19,0.00,0.28,0.55,0.30,13,806,0.02,0.00%,01/10/19
$IUXX,6669.64,Put,6675.00,31,02/15/19,163.60,167.15,170.70,183.40,6,10,0.6,24.44%,01/15/19
$IUXX,6669.64,Call,7200.00,59,03/15/19,30.10,31.25,32.40,31.40,7,128,0.05,16.27%,01/15/19
$IUXX,6669.64,Call,6100.00,31,02/15/19,601.50,607.85,614.20,581.46,1,44,0.02,24.83%,01/09/19
$IUXX,6669.64,Call,6775.00,31,02/15/19,106.70,108.85,111.00,114.50,11,31,0.35,19.79%,01/15/19
$IUXX,6669.64,Call,6600.00,31,02/15/19,206.30,210.3,214.30,211.00,17,204,0.08,21.29%,01/15/19
$IUXX,6669.64,Put,6310.00,3,01/18/19,0.65,1.25,1.85,7.10,1,5,0.2,29.76%,01/14/19
$IUXX,6669.64,Put,6325.00,31,02/15/19,67.60,68.95,70.30,77.52,1,7,0.14,27.93%,01/15/19
$IUXX,6669.64,Call,8700.00,3,01/18/19,0.00,0.03,0.05,0.10,17,27,0.63,90.43%,01/15/19
$IUXX,6669.64,Put,6250.00,3,01/18/19,0.25,0.83,1.40,4.22,25,96,0.26,32.15%,01/14/19
$IUXX,6669.64,Call,7100.00,59,03/15/19,49.80,50.95,52.10,49.30,100,144,0.69,16.61%,01/15/19
$IUXX,6669.64,Put,6800.00,59,03/15/19,282.90,285.65,288.40,369.30,300,518,0.58,21.73%,01/14/19
$IUXX,6669.64,Put,5550.00,31,02/15/19,7.70,8.5,9.30,8.96,3,5,0.6,35.52%,01/15/19
$IUXX,6669.64,Call,8250.00,31,02/15/19,0.00,0.18,0.35,0.30,6,14,0.43,24.93%,01/15/19
$IUXX,6669.64,Put,6425.00,59,03/15/19,144.50,145.95,147.40,202.03,2,14,0.14,24.95%,01/14/19
$IUXX,6669.64,Call,6790.00,3,01/18/19,6.00,7.25,8.50,5.65,3,0,0,16.30%,01/15/19
$IUXX,6669.64,Put,6700.00,3,01/18/19,62.00,65.15,68.30,78.10,74,159,0.47,25.95%,01/15/19
$IUXX,6669.64,Call,7250.00,31,02/15/19,4.30,5,5.70,4.80,13,34,0.38,15.62%,01/15/19
$IUXX,6669.64,Put,5850.00,59,03/15/19,47.70,48.6,49.50,53.98,10,79,0.13,30.98%,01/15/19
$IUXX,6669.64,Call,9000.00,31,02/15/19,0.00,0.28,0.55,0.25,8,132,0.06,0.00%,01/10/19
$IUXX,6669.64,Call,8175.00,31,02/15/19,0.00,0.18,0.35,0.30,5,11,0.45,23.95%,01/15/19
$IUXX,6669.64,Call,6520.00,3,01/18/19,150.60,155.55,160.50,140.38,1,2,0.5,11.32%,01/15/19
$IUXX,6669.64,Call,6700.00,31,02/15/19,147.50,148.65,149.80,146.87,10,149,0.07,19.75%,01/15/19
$IUXX,6669.64,Call,6740.00,3,01/18/19,15.60,17.15,18.70,11.58,2,0,0,14.83%,01/15/19
$IUXX,6669.64,Put,5700.00,3,01/18/19,0.00,0.13,0.25,0.20,5,127,0.04,0.00%,01/14/19
$IUXX,6669.64,Call,6925.00,31,02/15/19,49.70,50.9,52.10,53.25,1,37,0.03,17.91%,01/15/19
$IUXX,6669.64,Call,6525.00,31,02/15/19,257.30,261.3,265.30,191.20,7,28,0.25,21.98%,01/14/19
$IUXX,6669.64,Call,5700.00,59,03/15/19,1001.60,1006.65,1011.70,962.81,1,2,0.5,22.88%,01/09/19
$IUXX,6669.64,Call,7450.00,59,03/15/19,7.00,7.8,8.60,7.00,13,45,0.29,15.39%,01/14/19
$IUXX,6669.64,Call,6450.00,3,01/18/19,214.30,220.1,225.90,173.20,1,74,0.01,14.11%,01/11/19
$IUXX,6669.64,Put,5930.00,3,01/18/19,0.00,0.3,0.60,3.27,5,43,0.12,0.00%,01/09/19
$IUXX,6669.64,Put,6000.00,31,02/15/19,28.50,29.75,31.00,30.00,30,63,0.48,30.43%,01/15/19
$IUXX,6669.64,Put,3800.00,59,03/15/19,0.15,0.4,0.65,0.65,5,29,0.17,47.47%,01/14/19
$IUXX,6669.64,Put,5150.00,31,02/15/19,2.20,2.8,3.40,2.90,2,10,0.2,39.88%,01/15/19
$IUXX,6669.64,Call,7275.00,3,01/18/19,0.30,0.43,0.55,0.30,4,100,0.04,36.27%,01/15/19
$IUXX,6669.64,Call,6500.00,3,01/18/19,167.60,173.2,178.80,167.67,6,426,0.01,6.80%,01/15/19
$IUXX,6669.64,Call,6625.00,31,02/15/19,190.30,194.15,198.00,186.55,7,23,0.3,19.91%,01/15/19
$IUXX,6669.64,Call,7950.00,31,02/15/19,0.00,0.15,0.30,0.35,3,36,0.08,0.00%,01/10/19
$IUXX,6669.64,Call,7725.00,59,03/15/19,1.55,2.1,2.65,1.70,2,161,0.01,15.45%,01/15/19
$IUXX,6669.64,Put,6490.00,3,01/18/19,5.80,6.9,8.00,9.50,3,6,0.5,26.19%,01/15/19
$IUXX,6669.64,Put,6340.00,3,01/18/19,0.95,1.6,2.25,2.02,5,17,0.29,29.81%,01/15/19
$IUXX,6669.64,Put,6710.00,3,01/18/19,67.80,71.5,75.20,97.48,2,0,0,31.66%,01/15/19
$IUXX,6669.64,Put,5800.00,3,01/18/19,0.00,0.28,0.55,0.48,10,388,0.03,0.00%,01/14/19
$IUXX,6669.64,Call,7750.00,59,03/15/19,1.30,1.88,2.45,1.50,2,18,0.11,15.50%,01/15/19
$IUXX,6669.64,Put,7300.00,3,01/18/19,624.00,633.8,643.60,635.97,6,86,0.07,59.56%,01/15/19
$IUXX,6669.64,Put,5550.00,3,01/18/19,0.00,0.28,0.55,0.57,2,43,0.05,0.00%,01/09/19
$IUXX,6669.64,Put,6150.00,59,03/15/19,85.70,87.15,88.60,91.31,1,14,0.07,27.92%,01/15/19
$IUXX,6669.64,Call,8500.00,3,01/18/19,0.00,0.03,0.05,0.05,16,27,0.59,79.01%,01/15/19
$IUXX,6669.64,Put,5000.00,59,03/15/19,7.30,8.05,8.80,7.90,3,552,0.01,37.03%,01/15/19
$IUXX,6669.64,Call,6000.00,31,02/15/19,691.90,698.5,705.10,606.81,4,62,0.06,24.76%,01/14/19
$IUXX,6669.64,Put,6625.00,59,03/15/19,207.70,209.55,211.40,212.60,19,315,0.06,23.45%,01/15/19
$IUXX,6669.64,Call,7600.00,31,02/15/19,0.05,0.38,0.70,0.48,1,63,0.02,16.35%,01/14/19
$IUXX,6669.64,Call,7575.00,59,03/15/19,3.60,4,4.40,3.50,2,15,0.13,15.09%,01/15/19
$IUXX,6669.64,Call,6125.00,59,03/15/19,626.50,630.7,634.90,582.19,6,103,0.06,23.67%,01/11/19
$IUXX,6669.64,Put,4400.00,31,02/15/19,0.10,0.23,0.35,0.30,25,118,0.21,48.05%,01/15/19
$IUXX,6669.64,Put,5475.00,59,03/15/19,21.70,22.65,23.60,22.70,8,14,0.57,33.20%,01/15/19
$IUXX,6669.64,Put,5050.00,3,01/18/19,0.00,0.03,0.05,0.10,2,75,0.03,0.00%,01/14/19
$IUXX,6669.64,Put,6975.00,59,03/15/19,382.10,385.75,389.40,444.00,3,3,1,26.45%,01/15/19
$IUXX,6669.64,Call,7525.00,59,03/15/19,4.70,5.35,6.00,4.90,2,52,0.04,15.22%,01/15/19
$IUXX,6669.64,Put,6530.00,3,01/18/19,9.60,10.8,12.00,51.00,2,8,0.25,22.94%,01/14/19
$IUXX,6669.64,Put,4400.00,3,01/18/19,0.00,0.28,0.55,0.05,4,79,0.05,0.00%,01/09/19
$IUXX,6669.64,Put,6075.00,31,02/15/19,34.80,36.15,37.50,62.59,1,27,0.04,29.47%,01/14/19
$IUXX,6669.64,Put,6150.00,3,01/18/19,0.00,0.5,1.00,0.97,11,70,0.16,39.83%,01/15/19
$IUXX,6669.64,Put,5900.00,3,01/18/19,0.00,0.3,0.60,0.50,37,295,0.13,0.00%,01/14/19
$IUXX,6669.64,Put,5250.00,59,03/15/19,13.10,13.95,14.80,23.60,8,13,0.62,35.03%,01/14/19
$IUXX,6669.64,Put,6125.00,31,02/15/19,39.70,41.15,42.60,73.70,2,119,0.02,28.87%,01/14/19
$IUXX,6669.64,Call,7700.00,31,02/15/19,0.00,0.2,0.40,0.68,9,14,0.64,0.00%,01/10/19
$IUXX,6669.64,Call,7075.00,3,01/18/19,0.35,0.48,0.60,0.50,7,126,0.06,27.30%,01/15/19
$IUXX,6669.64,Call,6590.00,3,01/18/19,93.30,97.35,101.40,75.50,2,16,0.13,19.04%,01/11/19
$IUXX,6669.64,Put,5125.00,59,03/15/19,9.80,10.6,11.40,18.30,8,5,1.6,36.07%,01/09/19
$IUXX,6669.64,Call,6800.00,3,01/18/19,5.60,6.4,7.20,5.10,42,605,0.07,16.76%,01/15/19
$IUXX,6669.64,Call,6680.00,3,01/18/19,38.60,39.65,40.70,32.40,2,2,1,18.17%,01/10/19
$IUXX,6669.64,Call,7050.00,59,03/15/19,62.80,64,65.20,64.80,19,131,0.15,17.28%,01/15/19
$IUXX,6669.64,Call,6725.00,3,01/18/19,20.60,21.9,23.20,23.00,10,87,0.11,18.50%,01/15/19
$IUXX,6669.64,Put,5340.00,3,01/18/19,0.00,0.28,0.55,0.20,4,8,0.5,0.00%,01/11/19
$IUXX,6669.64,Put,5580.00,3,01/18/19,0.00,0.28,0.55,0.10,2,10,0.2,0.00%,01/11/19
$IUXX,6669.64,Call,6550.00,31,02/15/19,240.30,244.25,248.20,239.10,8,49,0.16,21.07%,01/15/19
$IUXX,6669.64,Call,7125.00,31,02/15/19,11.90,12.75,13.60,14.15,8,13,0.62,16.41%,01/15/19
$IUXX,6669.64,Put,6290.00,3,01/18/19,0.45,1.08,1.70,1.28,4,6,0.67,31.31%,01/15/19
$IUXX,6669.64,Put,6450.00,3,01/18/19,3.80,4.75,5.70,4.45,23,224,0.1,24.97%,01/15/19
$IUXX,6669.64,Call,6700.00,3,01/18/19,29.90,31.1,32.30,33.90,111,243,0.46,19.38%,01/15/19
$IUXX,6669.64,Call,7675.00,59,03/15/19,2.10,2.65,3.20,2.15,5,21,0.24,15.32%,01/15/19
$IUXX,6669.64,Put,6250.00,59,03/15/19,104.10,105.5,106.90,143.00,2,578,0,26.51%,01/14/19
$IUXX,6669.64,Put,5370.00,3,01/18/19,0.00,0.28,0.55,0.38,11,31,0.35,0.00%,01/09/19
$IUXX,6669.64,Put,6080.00,3,01/18/19,0.00,0.35,0.70,0.46,1,34,0.03,40.81%,01/15/19
$IUXX,6669.64,Put,6725.00,59,03/15/19,247.90,250.35,252.80,324.20,2,2,1,22.32%,01/10/19
$IUXX,6669.64,Call,7700.00,3,01/18/19,0.00,0.28,0.55,0.28,10,235,0.04,0.00%,01/09/19
$IUXX,6669.64,Put,6725.00,31,02/15/19,184.70,188.7,192.70,210.08,4,4,1,24.51%,01/15/19
$IUXX,6669.64,Put,6570.00,3,01/18/19,15.60,17,18.40,20.21,2,49,0.04,23.87%,01/15/19
$IUXX,6669.64,Call,7700.00,59,03/15/19,1.80,2.35,2.90,1.85,2,426,0,15.32%,01/15/19
$IUXX,6669.64,Call,6175.00,31,02/15/19,534.40,541,547.60,521.55,6,15,0.4,24.48%,01/10/19
$IUXX,6669.64,Call,7900.00,31,02/15/19,0.00,0.15,0.30,0.18,15,32,0.47,19.33%,01/15/19
$IUXX,6669.64,Put,6550.00,59,03/15/19,181.40,183.1,184.80,184.00,21,88,0.24,23.91%,01/15/19
$IUXX,6669.64,Call,7225.00,3,01/18/19,0.40,0.48,0.55,0.40,1,117,0.01,34.77%,01/15/19
$IUXX,6669.64,Call,6275.00,31,02/15/19,450.00,455.9,461.80,445.60,6,13,0.46,21.92%,01/15/19
$IUXX,6669.64,Put,5650.00,59,03/15/19,31.70,32.45,33.20,31.66,4,9,0.44,31.48%,01/15/19
$IUXX,6669.64,Call,7350.00,3,01/18/19,0.00,0.28,0.55,0.20,5,120,0.04,38.47%,01/15/19
$IUXX,6669.64,Call,7650.00,59,03/15/19,2.40,2.95,3.50,2.45,22,44,0.5,15.28%,01/15/19
$IUXX,6669.64,Call,7600.00,3,01/18/19,0.00,0.28,0.55,0.05,1,1609,0,0.00%,01/10/19
$IUXX,6669.64,Put,6450.00,59,03/15/19,151.30,152.75,154.20,211.07,1,44,0.02,24.72%,01/14/19
$IUXX,6669.64,Put,5700.00,31,02/15/19,12.20,13.1,14.00,12.65,8,81,0.1,33.41%,01/15/19
$IUXX,6669.64,Call,6500.00,59,03/15/19,338.90,342,345.10,340.90,3,188,0.02,21.45%,01/15/19
$IUXX,6669.64,Call,7675.00,31,02/15/19,0.00,0.2,0.40,0.25,1,15,0.07,0.00%,01/14/19
$IUXX,6669.64,Put,7325.00,3,01/18/19,648.90,658.75,668.60,658.82,2,8,0.25,57.52%,01/15/19
$IUXX,6669.64,Put,6550.00,31,02/15/19,119.40,121.7,124.00,128.80,32,34,0.94,24.67%,01/15/19
$IUXX,6669.64,Put,6775.00,3,01/18/19,114.20,118.8,123.40,147.95,13,48,0.27,35.55%,01/15/19
$IUXX,6669.64,Call,7500.00,3,01/18/19,0.00,0.15,0.30,0.20,3,237,0.01,0.00%,01/14/19
$IUXX,6669.64,Put,6750.00,31,02/15/19,196.40,200.65,204.90,203.50,3,3,1,21.85%,01/15/19
$IUXX,6669.64,Call,7475.00,59,03/15/19,6.10,6.85,7.60,8.84,1,10,0.1,15.40%,01/11/19
$IUXX,6669.64,Put,5925.00,31,02/15/19,23.10,24.05,25.00,26.90,2,7,0.29,32.04%,01/15/19
$IUXX,6669.64,Call,7975.00,59,03/15/19,0.15,0.43,0.70,1.10,5,26,0.19,15.76%,01/09/19
$IUXX,6669.64,Put,6300.00,3,01/18/19,0.55,1.18,1.80,1.80,235,318,0.74,32.26%,01/15/19
$IUXX,6669.64,Call,6630.00,3,01/18/19,65.40,68.9,72.40,56.30,1,60,0.02,13.07%,01/15/19
$IUXX,6669.64,Put,6275.00,3,01/18/19,0.35,0.98,1.60,1.51,28,80,0.35,33.22%,01/15/19
$IUXX,6669.64,Put,6800.00,3,01/18/19,135.30,140.3,145.30,156.00,32,401,0.08,30.68%,01/15/19
$IUXX,6669.64,Put,6270.00,3,01/18/19,0.35,0.95,1.55,9.94,1,2,0.5,31.38%,01/14/19
$IUXX,6669.64,Put,5940.00,3,01/18/19,0.00,0.33,0.65,3.48,5,27,0.19,0.00%,01/09/19
$IUXX,6669.64,Call,7400.00,3,01/18/19,0.05,0.15,0.25,0.25,4,401,0.01,41.78%,01/15/19
$IUXX,6669.64,Call,6760.00,3,01/18/19,11.00,12.4,13.80,8.21,13,1,13,15.12%,01/15/19
$IUXX,6669.64,Call,7775.00,59,03/15/19,1.10,1.68,2.25,1.35,2,9,0.22,15.59%,01/15/19
$IUXX,6669.64,Put,6625.00,31,02/15/19,144.90,147.1,149.30,149.02,13,96,0.14,23.10%,01/15/19
$IUXX,6669.64,Put,5170.00,3,01/18/19,0.00,0.28,0.55,0.26,2,4,0.5,0.00%,01/11/19
$IUXX,6669.64,Call,8050.00,31,02/15/19,0.00,0.15,0.30,0.25,1,9,0.11,21.92%,01/15/19
$IUXX,6669.64,Call,7300.00,31,02/15/19,2.95,3.38,3.80,3.50,2,83,0.02,15.80%,01/15/19
$IUXX,6669.64,Put,5500.00,3,01/18/19,0.00,0.28,0.55,0.05,6,261,0.02,65.04%,01/15/19
$IUXX,6669.64,Call,6850.00,31,02/15/19,75.50,76.85,78.20,57.70,5,69,0.07,15.57%,01/15/19
$IUXX,6669.64,Put,5800.00,59,03/15/19,43.20,44.05,44.90,44.42,14,35,0.4,30.50%,01/15/19
$IUXX,6669.64,Call,6480.00,3,01/18/19,185.90,191.65,197.40,109.70,1,6,0.17,14.37%,01/14/19
$IUXX,6669.64,Put,6700.00,59,03/15/19,237.20,239.55,241.90,240.15,1,239,0,22.59%,01/15/19
$IUXX,6669.64,Call,6275.00,59,03/15/19,505.30,509.05,512.80,499.30,12,90,0.13,21.78%,01/15/19
$IUXX,6669.64,Call,6870.00,3,01/18/19,0.90,1.6,2.30,0.71,5,5,1,18.03%,01/14/19
$IUXX,6669.64,Call,6350.00,59,03/15/19,447.50,451.05,454.60,412.15,1,2,0.5,22.58%,01/11/19
$IUXX,6669.64,Call,7050.00,31,02/15/19,21.50,22.4,23.30,24.70,16,36,0.44,16.97%,01/15/19
$IUXX,6669.64,Call,7825.00,59,03/15/19,0.80,1.05,1.30,2.15,1,14,0.07,15.69%,01/09/19
$IUXX,6669.64,Put,6825.00,3,01/18/19,157.80,163.1,168.40,281.55,2,27,0.07,22.74%,01/14/19
$IUXX,6669.64,Put,7400.00,3,01/18/19,723.80,733.65,743.50,754.88,7,109,0.06,88.77%,01/15/19
$IUXX,6669.64,Put,6400.00,31,02/15/19,81.30,83.25,85.20,85.72,23,168,0.14,25.92%,01/15/19
$IUXX,6669.64,Put,5075.00,59,03/15/19,8.70,9.5,10.30,15.67,4,2,2,36.50%,01/14/19
$IUXX,6669.64,Call,7075.00,59,03/15/19,56.30,57.3,58.30,45.00,1,9,0.11,17.01%,01/14/19
$IUXX,6669.64,Call,7475.00,3,01/18/19,0.00,0.28,0.55,0.35,3,46,0.07,0.00%,01/14/19
$IUXX,6669.64,Call,4900.00,59,03/15/19,1768.50,1774.2,1779.90,1693.00,1,1,1,0.00%,01/10/19
$IUXX,6669.64,Put,6430.00,3,01/18/19,2.95,3.78,4.60,49.50,2,3,0.67,25.80%,01/10/19
$IUXX,6669.64,Call,6400.00,59,03/15/19,409.80,413.35,416.90,398.90,1,58,0.02,20.63%,01/15/19
$IUXX,6669.64,Put,6375.00,59,03/15/19,131.70,133.15,134.60,140.30,2,28,0.07,26.17%,01/15/19
$IUXX,6669.64,Put,5675.00,31,02/15/19,11.20,12.15,13.10,13.07,1,13,0.08,34.38%,01/15/19
$IUXX,6669.64,Put,6590.00,3,01/18/19,19.70,21.2,22.70,30.50,1,30,0.03,26.27%,01/15/19
$IUXX,6669.64,Put,6175.00,3,01/18/19,0.00,0.53,1.05,0.79,10,75,0.13,37.08%,01/15/19
$IUXX,6669.64,Put,5600.00,59,03/15/19,28.50,29.3,30.10,30.60,13,65,0.2,32.46%,01/15/19
$IUXX,6669.64,Put,5975.00,31,02/15/19,26.60,27.8,29.00,30.42,8,23,0.35,31.41%,01/15/19
$IUXX,6669.64,Call,6750.00,59,03/15/19,184.90,187.1,189.30,150.65,24,60,0.4,19.55%,01/14/19
$IUXX,6669.64,Put,5950.00,3,01/18/19,0.00,0.33,0.65,0.80,2,134,0.01,0.00%,01/14/19
$IUXX,6669.64,Put,5000.00,31,02/15/19,1.30,1.85,2.40,1.92,9,61,0.15,41.63%,01/15/19
$IUXX,6669.64,Put,5600.00,31,02/15/19,9.00,9.85,10.70,9.30,72,251,0.29,34.32%,01/15/19
$IUXX,6669.64,Call,7025.00,3,01/18/19,0.10,0.38,0.65,0.60,2,33,0.06,24.98%,01/15/19
$IUXX,6669.64,Put,6210.00,3,01/18/19,0.10,0.65,1.20,6.40,2,7,0.29,33.84%,01/14/19
$IUXX,6669.64,Call,8400.00,3,01/18/19,0.00,0.03,0.05,0.15,6,72,0.08,82.05%,01/15/19
$IUXX,6669.64,Put,7000.00,3,01/18/19,325.30,334.7,344.10,360.25,6,202,0.03,55.83%,01/15/19
$IUXX,6669.64,Call,6200.00,59,03/15/19,565.10,569.05,573.00,556.07,2,93,0.02,23.39%,01/10/19
$IUXX,6669.64,Call,6830.00,3,01/18/19,2.80,3.55,4.30,3.75,10,10,1,17.84%,01/11/19
$IUXX,6669.64,Put,4100.00,31,02/15/19,0.30,0.33,0.35,0.30,1,33,0.03,55.58%,01/15/19
$IUXX,6669.64,Put,5575.00,59,03/15/19,27.00,27.85,28.70,28.80,3,61,0.05,32.59%,01/15/19
$IUXX,6669.64,Call,4500.00,3,01/18/19,2155.50,2165.3,2175.10,2060.55,4,9,0.44,0.00%,01/14/19
$IUXX,6669.64,Call,6075.00,31,02/15/19,623.90,630.35,636.80,595.28,6,26,0.23,24.88%,01/10/19
$IUXX,6669.64,Call,6510.00,3,01/18/19,158.60,164.1,169.60,82.35,1,5,0.2,17.56%,01/14/19
$IUXX,6669.64,Put,6725.00,3,01/18/19,77.40,81.05,84.70,79.00,23,27,0.85,19.58%,01/15/19
$IUXX,6669.64,Put,6460.00,3,01/18/19,4.20,5.05,5.90,7.00,2,4,0.5,26.92%,01/15/19
$IUXX,6669.64,Call,6675.00,59,03/15/19,227.30,229.55,231.80,224.00,14,7,2,19.67%,01/15/19
$IUXX,6669.64,Put,7025.00,3,01/18/19,350.20,359.6,369.00,480.60,2,35,0.06,36.83%,01/14/19
$IUXX,6669.64,Call,6550.00,3,01/18/19,124.30,129.25,134.20,68.60,17,56,0.3,18.70%,01/14/19
$IUXX,6669.64,Put,6350.00,3,01/18/19,1.10,1.78,2.45,1.75,34,111,0.31,28.34%,01/15/19
$IUXX,6669.64,Call,6525.00,59,03/15/19,321.70,324.7,327.70,333.94,11,190,0.06,21.35%,01/09/19
$IUXX,6669.64,Put,4600.00,59,03/15/19,2.80,3.4,4.00,5.20,7,234,0.03,40.86%,01/14/19
$IUXX,6669.64,Call,6025.00,59,03/15/19,711.10,715.55,720.00,678.10,42,75,0.56,23.95%,01/09/19
$IUXX,6669.64,Put,5200.00,3,01/18/19,0.00,0.1,0.20,0.21,18,240,0.08,0.00%,01/14/19
$IUXX,6669.64,Call,5925.00,31,02/15/19,761.20,767.95,774.70,717.10,1,1,1,24.28%,01/09/19
$IUXX,6669.64,Call,7800.00,31,02/15/19,0.00,0.38,0.75,0.47,15,55,0.27,19.72%,01/15/19
$IUXX,6669.64,Put,5880.00,3,01/18/19,0.05,0.33,0.60,1.13,10,15,0.67,51.83%,01/11/19
$IUXX,6669.64,Put,6850.00,3,01/18/19,178.20,186.7,195.20,176.62,3,38,0.08,11.11%,01/15/19
$IUXX,6669.64,Call,6625.00,59,03/15/19,257.60,259.8,262.00,261.55,21,362,0.06,20.76%,01/15/19
$IUXX,6669.64,Call,7325.00,59,03/15/19,15.00,15.75,16.50,15.70,1,9,0.11,15.65%,01/15/19
$IUXX,6669.64,Put,6075.00,3,01/18/19,0.00,0.35,0.70,0.97,57,62,0.92,0.00%,01/14/19
$IUXX,6669.64,Call,6975.00,31,02/15/19,36.20,37.35,38.50,37.25,1,19,0.05,17.04%,01/15/19
$IUXX,6669.64,Call,7425.00,3,01/18/19,0.00,0.28,0.55,0.25,6,126,0.05,0.00%,01/10/19
$IUXX,6669.64,Put,6900.00,59,03/15/19,336.30,339.55,342.80,405.20,90,393,0.23,21.02%,01/09/19
$IUXX,6669.64,Put,5875.00,31,02/15/19,20.10,21,21.90,25.20,2,40,0.05,33.14%,01/15/19
$IUXX,6669.64,Put,5175.00,31,02/15/19,2.40,3,3.60,3.10,1,7,0.14,39.58%,01/15/19
$IUXX,6669.64,Put,7100.00,3,01/18/19,425.10,434.45,443.80,543.03,2,152,0.01,42.42%,01/14/19
$IUXX,6669.64,Put,7275.00,31,02/15/19,599.40,606.75,614.10,606.72,2,2,1,22.16%,01/15/19
$IUXX,6669.64,Put,4600.00,31,02/15/19,0.15,0.53,0.90,0.90,1,50,0.02,45.55%,01/11/19
$IUXX,6669.64,Put,6025.00,31,02/15/19,30.50,31.75,33.00,32.60,12,12,1,30.30%,01/15/19
$IUXX,6669.64,Put,5225.00,31,02/15/19,2.80,3.4,4.00,3.50,2,36,0.06,38.92%,01/15/19
$IUXX,6669.64,Put,5150.00,59,03/15/19,10.40,11.2,12.00,11.13,2,5,0.4,35.82%,01/15/19
$IUXX,6669.64,Put,6500.00,59,03/15/19,165.80,167.55,169.30,169.17,255,206,1.24,24.46%,01/15/19
$IUXX,6669.64,Put,6425.00,3,01/18/19,2.80,3.75,4.70,5.20,13,21,0.62,28.16%,01/15/19
$IUXX,6669.64,Call,7625.00,59,03/15/19,2.75,3.33,3.90,2.85,7,22,0.32,15.29%,01/15/19
$IUXX,6669.64,Put,6250.00,31,02/15/19,55.50,56.9,58.30,63.51,1,89,0.01,28.63%,01/15/19
$IUXX,6669.64,Call,6500.00,31,02/15/19,275.60,279.45,283.30,253.80,10,212,0.05,18.50%,01/15/19
$IUXX,6669.64,Call,6360.00,3,01/18/19,301.40,307.4,313.40,219.45,1,5,0.2,0.00%,01/15/19
$IUXX,6669.64,Call,6425.00,59,03/15/19,391.80,395.15,398.50,396.55,1,8,0.13,22.23%,01/15/19
$IUXX,6669.64,Call,6900.00,3,01/18/19,0.40,1,1.60,1.60,1,194,0.01,20.20%,01/15/19
$IUXX,6669.64,Put,5400.00,59,03/15/19,18.40,19.35,20.30,30.50,37,43,0.86,33.81%,01/14/19
$IUXX,6669.64,Call,8350.00,31,02/15/19,0.00,0.08,0.15,0.10,1,21,0.05,23.90%,01/15/19
$IUXX,6669.64,Call,6650.00,59,03/15/19,241.90,244.45,247.00,243.00,155,125,1.24,20.25%,01/15/19
$IUXX,6669.64,Put,6050.00,3,01/18/19,0.00,0.35,0.70,2.02,11,35,0.31,0.00%,01/11/19
$IUXX,6669.64,Put,6150.00,31,02/15/19,42.50,43.95,45.40,48.74,35,41,0.85,29.63%,01/15/19
$ONE,1157.45,Put,985.00,3,01/18/19,0.00,0.15,0.30,0.15,80,80,1,0.00%,01/09/19
$ONE,1157.45,Call,1180.00,31,02/15/19,7.90,8.8,9.70,7.10,81,82,0.99,12.36%,01/14/19
$ONE,1157.45,Put,1070.00,3,01/18/19,0.00,0.18,0.35,1.15,14,185,0.08,0.00%,01/09/19
$ONE,1157.45,Put,1055.00,3,01/18/19,0.00,0.18,0.35,0.75,1,6,0.17,0.00%,01/10/19
$ONE,1157.45,Put,1150.00,31,02/15/19,18.70,19.7,20.70,20.60,3,0,0,19.02%,01/15/19
$ONE,1157.45,Put,1115.00,3,01/18/19,0.10,0.45,0.80,0.75,11,2,5.5,27.01%,01/15/19
$ONE,1157.45,Put,1080.00,31,02/15/19,5.00,5.65,6.30,9.70,1,6,0.17,23.31%,01/09/19
$ONE,1157.45,Put,1035.00,3,01/18/19,0.00,0.15,0.30,0.65,5,6,0.83,0.00%,01/10/19
$ONE,1157.45,Put,1115.00,31,02/15/19,9.50,10.25,11.00,16.65,5,5,1,20.55%,01/14/19
$ONE,1157.45,Put,1090.00,3,01/18/19,0.00,0.18,0.35,0.35,6,148,0.04,0.00%,01/14/19
$ONE,1157.45,Call,1190.00,3,01/18/19,0.00,0.25,0.50,1.00,20,155,0.13,0.00%,01/09/19
$ONE,1157.45,Put,1045.00,3,01/18/19,0.00,0.15,0.30,0.60,5,5,1,0.00%,01/10/19
$ONE,1157.45,Put,1145.00,31,02/15/19,17.00,17.9,18.80,18.90,8,8,1,19.37%,01/15/19
$ONE,1157.45,Put,1150.00,3,01/18/19,4.30,5,5.70,4.60,23,13,1.77,18.87%,01/15/19
$ONE,1157.45,Put,1075.00,3,01/18/19,0.00,0.18,0.35,1.10,12,84,0.14,0.00%,01/09/19
$ONE,1157.45,Put,1000.00,31,02/15/19,1.15,1.73,2.30,2.10,1,81,0.01,30.06%,01/14/19
$ONE,1157.45,Put,1145.00,3,01/18/19,2.85,3.48,4.10,3.00,21,18,1.17,18.65%,01/15/19
$ONE,1157.45,Put,1080.00,3,01/18/19,0.00,0.18,0.35,0.15,6,116,0.05,34.19%,01/15/19
$ONE,1157.45,Call,1180.00,3,01/18/19,0.25,0.6,0.95,1.00,1,94,0.01,15.11%,01/11/19
$ONE,1157.45,Call,1150.00,31,02/15/19,23.30,24.55,25.80,26.15,4,4,1,14.09%,01/09/19
$ONE,1157.45,Put,900.00,3,01/18/19,0.00,0.13,0.25,0.05,1,30,0.03,0.00%,01/11/19
$ONE,1157.45,Put,1110.00,3,01/18/19,0.00,0.33,0.65,0.60,12,66,0.18,28.18%,01/15/19
$ONE,1157.45,Put,1130.00,3,01/18/19,0.80,1.23,1.65,1.30,62,51,1.22,22.31%,01/15/19
$ONE,1157.45,Put,845.00,3,01/18/19,0.00,0.13,0.25,0.05,1,89,0.01,0.00%,01/10/19
$ONE,1157.45,Put,1160.00,3,01/18/19,8.80,9.7,10.60,9.30,8,88,0.09,19.38%,01/15/19
$ONE,1157.45,Call,1205.00,59,03/15/19,7.20,8.05,8.90,7.80,1,0,0,12.08%,01/15/19
$ONE,1157.45,Call,1215.00,31,02/15/19,1.30,1.65,2.00,1.60,80,100,0.8,11.59%,01/15/19
$ONE,1157.45,Put,960.00,3,01/18/19,0.00,0.13,0.25,0.05,2,202,0.01,0.00%,01/11/19
$ONE,1157.45,Put,1165.00,31,02/15/19,25.20,26.35,27.50,33.90,1,2,0.5,17.82%,01/10/19
$ONE,1157.45,Call,1140.00,3,01/18/19,16.70,17.95,19.20,17.00,1,51,0.02,1.44%,01/15/19
$ONE,1157.45,Put,1095.00,3,01/18/19,0.00,0.25,0.50,1.15,3,3,1,0.00%,01/14/19
$ONE,1157.45,Call,1100.00,3,01/18/19,56.50,57.45,58.40,59.10,41,64,0.64,39.38%,01/15/19
$ONE,1157.45,Put,950.00,31,02/15/19,0.45,0.88,1.30,1.45,40,40,1,34.25%,01/10/19
$ONE,1157.45,Call,1175.00,3,01/18/19,0.55,0.98,1.40,1.34,5,97,0.05,15.94%,01/15/19
$ONE,1157.45,Put,1120.00,31,02/15/19,10.50,11.25,12.00,12.80,5,23,0.22,21.60%,01/15/19
$ONE,1157.45,Put,1010.00,31,02/15/19,1.40,2,2.60,2.35,1,7,0.14,29.26%,01/14/19
$ONE,1157.45,Call,1160.00,3,01/18/19,3.90,4.7,5.50,3.50,52,282,0.18,10.83%,01/15/19
$ONE,1157.45,Call,1185.00,3,01/18/19,0.10,0.35,0.60,0.50,20,107,0.19,16.87%,01/15/19
$ONE,1157.45,Call,1100.00,59,03/15/19,68.90,70.7,72.50,72.00,1,0,0,17.12%,01/15/19
$ONE,1157.45,Put,1085.00,3,01/18/19,0.00,0.2,0.40,0.60,40,116,0.34,0.00%,01/11/19
$ONE,1157.45,Call,1200.00,3,01/18/19,0.00,0.18,0.35,0.30,4,123,0.03,0.00%,01/14/19
$ONE,1157.45,Put,1020.00,31,02/15/19,1.65,2.25,2.85,1.75,80,5,16,26.83%,01/15/19
$ONE,1157.45,Put,1120.00,3,01/18/19,0.40,0.7,1.00,0.63,31,113,0.27,23.54%,01/15/19
$ONE,1157.45,Call,1130.00,31,02/15/19,37.50,38.9,40.30,35.00,1,2,0.5,15.19%,01/11/19
$ONE,1157.45,Put,1160.00,31,02/15/19,22.80,23.9,25.00,37.80,1,1,1,17.94%,01/10/19
$ONE,1157.45,Call,1220.00,31,02/15/19,0.95,1.28,1.60,1.20,16,160,0.1,11.53%,01/15/19
$ONE,1157.45,Put,1105.00,3,01/18/19,0.00,0.33,0.65,1.81,2,29,0.07,0.00%,01/11/19
$ONE,1157.45,Put,1000.00,3,01/18/19,0.00,0.05,0.10,0.05,49,188,0.26,58.58%,01/15/19
$ONE,1157.45,Put,1100.00,3,01/18/19,0.25,0.4,0.55,0.35,15,150,0.1,29.91%,01/15/19
$ONE,1157.45,Put,1170.00,59,03/15/19,36.00,37.4,38.80,46.70,1,1,1,18.21%,01/10/19
$ONE,1157.45,Call,1140.00,31,02/15/19,30.10,31.4,32.70,32.10,5,12,0.42,14.64%,01/09/19
$ONE,1157.45,Call,1145.00,3,01/18/19,12.80,13.9,15.00,14.90,22,38,0.58,16.07%,01/15/19
$ONE,1157.45,Put,980.00,31,02/15/19,0.80,1.3,1.80,1.25,10,10,1,31.70%,01/11/19
$ONE,1157.45,Put,1175.00,59,03/15/19,38.50,40,41.50,50.00,1,47,0.02,18.12%,01/14/19
$ONE,1157.45,Put,1145.00,59,03/15/19,25.50,26.7,27.90,38.60,2,2,1,19.01%,01/09/19
$ONE,1157.45,Call,1110.00,3,01/18/19,46.50,47.45,48.40,43.00,80,882,0.09,13.20%,01/09/19
$ONE,1157.45,Put,1125.00,3,01/18/19,0.55,0.9,1.25,0.96,50,14,3.57,23.25%,01/15/19
$ONE,1157.45,Put,1050.00,31,02/15/19,2.85,3.53,4.20,5.00,80,80,1,25.79%,01/11/19
$ONE,1157.45,Call,1155.00,3,01/18/19,6.30,7.1,7.90,8.10,377,28,13.46,15.88%,01/15/19
$ONE,1157.45,Call,1200.00,31,02/15/19,0.00,4.3,8.60,3.55,80,131,0.61,0.00%,01/11/19
$ONE,1157.45,Put,1130.00,31,02/15/19,12.70,13.5,14.30,13.40,2,2,1,19.43%,01/15/19
$ONE,1157.45,Call,1165.00,3,01/18/19,2.20,2.85,3.50,4.40,1,88,0.01,17.80%,01/15/19
$ONE,1157.45,Put,1155.00,3,01/18/19,6.30,7.05,7.80,6.50,2,1,2,18.64%,01/15/19
$ONE,1157.45,Put,1060.00,3,01/18/19,0.00,0.18,0.35,0.20,2,13,0.15,0.00%,01/11/19
$ONE,1157.45,Put,1135.00,31,02/15/19,13.90,14.8,15.70,29.10,2,2,1,19.17%,01/10/19
$ONE,1157.45,Put,880.00,3,01/18/19,0.00,0.13,0.25,0.05,3,109,0.03,0.00%,01/11/19
$ONE,1157.45,Call,1150.00,3,01/18/19,9.30,10.35,11.40,12.00,40,127,0.31,17.99%,01/15/19
$ONE,1157.45,Put,960.00,31,02/15/19,0.55,0.98,1.40,0.80,49,146,0.34,33.28%,01/14/19
$ONE,1157.45,Call,1170.00,3,01/18/19,1.25,1.7,2.15,2.20,110,142,0.77,15.67%,01/15/19
$ONE,1157.45,Put,990.00,3,01/18/19,0.00,0.15,0.30,0.15,80,86,0.93,0.00%,01/10/19
$ONE,1157.45,Call,1105.00,3,01/18/19,51.50,52.45,53.40,50.00,2,19,0.11,10.02%,01/09/19
$ONE,1157.45,Call,1145.00,31,02/15/19,26.60,27.85,29.10,29.05,5,9,0.56,15.28%,01/15/19
$ONE,1157.45,Put,1060.00,59,03/15/19,7.90,8.8,9.70,12.40,1,10,0.1,23.34%,01/09/19
$ONE,1157.45,Call,1130.00,3,01/18/19,26.20,27.45,28.70,23.00,3,50,0.06,8.18%,01/11/19
$ONE,1157.45,Call,1115.00,3,01/18/19,41.50,42.45,43.40,39.30,1,1,1,14.70%,01/09/19
$ONE,1157.45,Put,1135.00,3,01/18/19,1.25,1.73,2.20,2.50,9,30,0.3,24.18%,01/15/19
$ONE,1157.45,Call,1210.00,3,01/18/19,0.00,0.15,0.30,0.15,80,40,2,0.00%,01/11/19
$ONE,1157.45,Put,970.00,31,02/15/19,0.70,1.15,1.60,1.25,93,93,1,32.61%,01/11/19
$ONE,1157.45,Put,1050.00,3,01/18/19,0.00,0.15,0.30,0.25,4,17,0.24,0.00%,01/14/19
$ONE,1157.45,Put,1140.00,3,01/18/19,2.05,2.53,3.00,2.40,45,72,0.63,20.40%,01/15/19
$ONE,1157.45,Put,1110.00,31,02/15/19,8.60,9.35,10.10,15.35,5,7,0.71,20.89%,01/14/19
$ONE,1157.45,Call,1210.00,31,02/15/19,1.65,2.08,2.50,2.30,80,18,4.44,11.94%,01/15/19
$SPX,2610.3,Call,2855.00,59,03/15/19,1.70,1.83,1.95,1.90,5,104,0.05,11.69%,01/11/19
$SPX,2610.3,Call,2745.00,59,03/15/19,11.00,11.2,11.40,12.50,81,252,0.32,11.70%,01/11/19
$SPX,2610.3,Call,2810.00,59,03/15/19,3.60,3.75,3.90,3.50,44,1640,0.03,11.31%,01/15/19
$SPX,2610.3,Call,2400.00,59,03/15/19,222.40,224.3,226.20,209.21,2,16385,0,12.76%,01/14/19
$SPX,2610.3,Call,2520.00,59,03/15/19,123.20,124.75,126.30,126.02,3,2984,0,14.98%,01/15/19
$SPX,2610.3,Call,2695.00,59,03/15/19,23.80,24,24.20,24.70,133,164,0.81,12.47%,01/15/19
$SPX,2610.3,Put,2655.00,59,03/15/19,88.30,89.65,91.00,103.20,7,3390,0,17.28%,01/11/19
$SPX,2610.3,Call,2880.00,59,03/15/19,1.15,1.28,1.40,1.30,1,111,0.01,11.92%,01/11/19
$SPX,2610.3,Put,2695.00,59,03/15/19,112.10,113.7,115.30,136.25,1,183,0.01,17.08%,01/10/19
$SPX,2610.3,Put,2660.00,59,03/15/19,91.00,92.35,93.70,89.95,11,2789,0,16.64%,01/15/19
$SPX,2610.3,Call,2825.00,59,03/15/19,2.75,2.88,3.00,3.35,20,651,0.03,11.87%,01/15/19
$SPX,2610.3,Call,3500.00,59,03/15/19,0.00,0.08,0.15,0.05,2,7272,0,22.40%,01/15/19
$SPX,2610.3,Put,2600.00,59,03/15/19,63.70,64.15,64.60,61.80,15640,42219,0.37,17.46%,01/15/19
$SPX,2610.3,Call,2845.00,59,03/15/19,1.90,2.03,2.15,2.20,1,770,0,11.52%,01/11/19
$SPX,2610.3,Call,2795.00,59,03/15/19,4.60,4.75,4.90,4.20,2,313,0.01,11.43%,01/14/19
$SPX,2610.3,Call,2715.00,59,03/15/19,17.80,18.05,18.30,19.20,20,226,0.09,12.39%,01/15/19
$SPX,2610.3,Call,2720.00,59,03/15/19,16.50,16.7,16.90,15.45,50,396,0.13,11.58%,01/15/19
$SPX,2610.3,Put,2850.00,59,03/15/19,236.60,245.25,253.90,267.13,2,10323,0,20.93%,01/09/19
$SPX,2610.3,Call,2595.00,59,03/15/19,72.00,72.4,72.80,76.40,28,264,0.11,14.73%,01/15/19
$SPX,2610.3,Call,3000.00,59,03/15/19,0.35,0.43,0.50,0.43,1,438,0,13.93%,01/15/19
$SPX,2610.3,Put,2725.00,59,03/15/19,133.20,135.05,136.90,152.50,35,14765,0,17.25%,01/10/19
$SPX,2610.3,Call,2920.00,59,03/15/19,0.70,0.83,0.95,0.70,2061,2102,0.98,12.52%,01/14/19
$SPX,2610.3,Call,2460.00,59,03/15/19,171.50,173.25,175.00,159.60,1,11,0.09,14.83%,01/09/19
$SPX,2610.3,Call,2565.00,59,03/15/19,90.60,91.95,93.30,91.00,2111,7099,0.3,14.12%,01/10/19
$SPX,2610.3,Call,2725.00,59,03/15/19,14.90,15.2,15.50,16.11,217,27706,0.01,12.12%,01/15/19
$SPX,2610.3,Call,3050.00,59,03/15/19,0.20,0.3,0.40,0.32,18,13280,0,14.89%,01/15/19
$SPX,2610.3,Call,2625.00,59,03/15/19,54.50,54.85,55.20,49.68,17,193,0.09,13.31%,01/14/19
$SPX,2610.3,Put,2540.00,59,03/15/19,45.30,45.6,45.90,43.40,96,38,2.53,18.92%,01/15/19
$SPX,2610.3,Call,2925.00,59,03/15/19,0.65,0.78,0.90,0.80,2,13615,0,12.63%,01/15/19
$SPX,2610.3,Put,2570.00,59,03/15/19,53.90,54.2,54.50,52.52,69,193,0.36,18.37%,01/15/19
$SPX,2610.3,Call,2430.00,59,03/15/19,196.70,198.6,200.50,182.90,1,55,0.02,14.39%,01/10/19
$SPX,2610.3,Put,2710.00,59,03/15/19,122.50,124.25,126.00,141.80,2,60,0.03,17.19%,01/10/19
$SPX,2610.3,Call,2815.00,59,03/15/19,3.10,3.3,3.50,3.55,131,3174,0.04,11.57%,01/15/19
$SPX,2610.3,Call,2700.00,59,03/15/19,22.10,22.35,22.60,22.40,203,871,0.23,12.22%,01/15/19
$SPX,2610.3,Put,2730.00,59,03/15/19,132.30,137.95,143.60,161.80,3,599,0.01,17.06%,01/09/19
$SPX,2610.3,Put,2545.00,59,03/15/19,46.60,46.9,47.20,45.30,16,144,0.11,18.95%,01/15/19
$SPX,2610.3,Put,2575.00,59,03/15/19,55.40,55.75,56.10,56.87,37,182,0.2,18.94%,01/15/19
$SPX,2610.3,Call,2860.00,59,03/15/19,1.60,1.7,1.80,1.80,1,341,0,11.74%,01/11/19
$SPX,2610.3,Put,2630.00,59,03/15/19,76.30,76.85,77.40,75.82,60,4276,0.01,17.28%,01/15/19
$SPX,2610.3,Put,2720.00,59,03/15/19,129.40,131.25,133.10,157.90,17,147,0.12,17.19%,01/10/19
$SPX,2610.3,Call,2590.00,59,03/15/19,75.20,75.55,75.90,73.40,5,156,0.03,13.29%,01/15/19
$SPX,2610.3,Put,2495.00,59,03/15/19,34.60,34.9,35.20,45.40,2,10502,0,20.50%,01/14/19
$SPX,2610.3,Put,2900.00,59,03/15/19,286.20,294.85,303.50,290.68,1,91,0.01,21.88%,01/15/19
$SPX,2610.3,Call,2665.00,59,03/15/19,34.60,35,35.40,33.78,2,2426,0,12.31%,01/15/19
$SPX,2610.3,Call,2455.00,59,03/15/19,175.30,177.05,178.80,174.05,35,6827,0.01,13.12%,01/15/19
$SPX,2610.3,Call,2525.00,59,03/15/19,119.50,121,122.50,116.25,24,11711,0,13.11%,01/15/19
$SPX,2610.3,Put,1000.00,59,03/15/19,0.05,0.13,0.20,0.10,20,724,0.03,75.65%,01/15/19
$SPX,2610.3,Put,2890.00,59,03/15/19,275.70,284.3,292.90,305.95,9,546,0.02,22.84%,01/14/19
$SPX,2610.3,Call,2575.00,59,03/15/19,84.50,85,85.50,87.80,1742,41145,0.04,14.66%,01/15/19
$SPX,2610.3,Put,2460.00,59,03/15/19,28.70,29,29.30,40.73,8,140,0.06,21.51%,01/09/19
$SPX,2610.3,Call,2975.00,59,03/15/19,0.40,0.5,0.60,0.28,2,4756,0,13.42%,01/14/19
$SPX,2610.3,Put,2525.00,59,03/15/19,41.50,41.8,42.10,41.65,2,110,0.02,19.81%,01/15/19
$SPX,2610.3,Call,2775.00,59,03/15/19,6.40,6.6,6.80,7.05,244,13859,0.02,11.65%,01/15/19
$SPX,2610.3,Put,2485.00,59,03/15/19,32.60,32.95,33.30,31.40,2,10152,0,20.27%,01/15/19
$SPX,2610.3,Put,2610.00,59,03/15/19,67.60,68.1,68.60,66.00,11496,3734,3.08,17.34%,01/15/19
$SPX,2610.3,Call,2535.00,59,03/15/19,113.20,113.6,114.00,115.70,9,237,0.04,15.11%,01/15/19
$SPX,2610.3,Call,2490.00,59,03/15/19,148.10,148.5,148.90,148.60,1,58,0.02,14.85%,01/15/19
$SPX,2610.3,Put,2580.00,59,03/15/19,57.10,57.45,57.80,57.30,8,48,0.17,18.53%,01/15/19
$SPX,2610.3,Call,2805.00,59,03/15/19,3.70,3.9,4.10,4.00,3,135,0.02,11.43%,01/15/19
$SPX,2610.3,Call,2710.00,59,03/15/19,18.80,19.1,19.40,20.18,21,287,0.07,12.32%,01/15/19
$SPX,2610.3,Call,3200.00,59,03/15/19,0.05,0.15,0.25,0.10,3,12716,0,17.59%,01/11/19
$SPX,2610.3,Put,2465.00,59,03/15/19,29.10,29.45,29.80,29.83,1,8806,0,21.38%,01/15/19
$SPX,2610.3,Call,2300.00,59,03/15/19,313.20,315.3,317.40,310.25,2,13,0.15,7.38%,01/15/19
$SPX,2610.3,Call,2680.00,59,03/15/19,28.60,28.95,29.30,27.60,5,1025,0,12.04%,01/15/19
$SPX,2610.3,Call,2615.00,59,03/15/19,60.10,60.45,60.80,59.60,1,94,0.01,13.26%,01/15/19
$SPX,2610.3,Call,2765.00,59,03/15/19,7.80,8,8.20,8.50,26,99,0.26,11.77%,01/15/19
$SPX,2610.3,Put,2740.00,59,03/15/19,144.80,146.75,148.70,173.00,2,171,0.01,17.47%,01/09/19
$SPX,2610.3,Call,2515.00,59,03/15/19,127.10,128.65,130.20,131.90,17,6879,0,15.66%,01/15/19
$SPX,2610.3,Call,2580.00,59,03/15/19,81.10,81.65,82.20,82.20,420,15487,0.03,14.01%,01/15/19
$SPX,2610.3,Put,2670.00,59,03/15/19,97.80,98.25,98.70,96.40,1,221,0,16.74%,01/15/19
$SPX,2610.3,Call,2865.00,59,03/15/19,1.50,1.6,1.70,1.25,2,160,0.01,11.81%,01/14/19
$SPX,2610.3,Call,2830.00,59,03/15/19,2.55,2.65,2.75,2.25,21,157,0.13,11.51%,01/14/19
$SPX,2610.3,Call,2905.00,59,03/15/19,0.90,1,1.10,1.15,1540,600,2.57,12.35%,01/10/19
$SPX,2610.3,Put,2795.00,59,03/15/19,186.80,193.25,199.70,217.40,2,73,0.03,18.64%,01/11/19
$SPX,2610.3,Put,2800.00,59,03/15/19,196.60,198.8,201.00,212.16,7,34,0.21,19.14%,01/11/19
$SPX,2610.3,Call,2470.00,59,03/15/19,162.90,164.6,166.30,158.55,32,10718,0,11.92%,01/15/19
$SPX,2610.3,Call,2555.00,59,03/15/19,98.70,99.1,99.50,99.10,3,133,0.02,14.29%,01/15/19
$SPX,2610.3,Call,2645.00,59,03/15/19,43.70,44.1,44.50,42.00,3,2010,0,12.40%,01/15/19
$SPX,2610.3,Call,2500.00,59,03/15/19,140.10,140.55,141.00,137.50,2,1012,0,13.73%,01/15/19
$SPX,2610.3,Put,2620.00,59,03/15/19,71.80,72.3,72.80,77.45,49,1138,0.04,18.90%,01/15/19
$SPX,2610.3,Call,2990.00,59,03/15/19,0.35,0.45,0.55,0.39,4,177,0.02,13.70%,01/11/19
$SPX,2610.3,Call,2885.00,59,03/15/19,1.15,1.25,1.35,1.24,2,43,0.05,12.06%,01/11/19
$SPX,2610.3,Call,2505.00,59,03/15/19,136.20,136.6,137.00,134.80,1,91,0.01,14.76%,01/10/19
$SPX,2610.3,Call,2100.00,59,03/15/19,500.20,508,515.80,513.20,2,6219,0,0.00%,01/15/19
$SPX,2610.3,Call,2755.00,59,03/15/19,9.30,9.5,9.70,10.10,70,841,0.08,11.87%,01/15/19
$SPX,2610.3,Put,2705.00,59,03/15/19,118.80,120.5,122.20,142.70,23,68,0.34,17.10%,01/09/19
$SPX,2610.3,Call,2900.00,59,03/15/19,0.95,1.05,1.15,1.20,10,4125,0,12.53%,01/15/19
$SPX,2610.3,Call,2540.00,59,03/15/19,109.60,110,110.40,109.90,2,22,0.09,14.45%,01/15/19
$SPX,2610.3,Put,2515.00,59,03/15/19,38.70,39.05,39.40,37.10,1,6996,0,19.43%,01/15/19
$SPX,2610.3,Put,2605.00,59,03/15/19,65.60,66.1,66.60,62.50,6727,3844,1.75,17.07%,01/15/19
$SPX,2610.3,Call,2335.00,59,03/15/19,276.10,284.1,292.10,264.50,1,2,0.5,6.66%,01/14/19
$SPX,2610.3,Put,2565.00,59,03/15/19,51.70,52.15,52.60,68.17,1,7544,0,18.78%,01/14/19
$SPX,2610.3,Call,3075.00,59,03/15/19,0.20,0.28,0.35,0.19,2,151,0.01,15.34%,01/09/19
$SPX,2610.3,Put,2590.00,59,03/15/19,60.00,60.45,60.90,59.97,191,12567,0.02,18.12%,01/15/19
$SPX,2610.3,Put,2735.00,59,03/15/19,141.00,142.95,144.90,156.84,7,15,0.47,17.43%,01/11/19
$SPX,2610.3,Call,2740.00,59,03/15/19,11.90,12.15,12.40,13.10,87,113,0.77,12.08%,01/15/19
$SPX,2610.3,Put,2520.00,59,03/15/19,39.90,40.25,40.60,41.05,31,5228,0.01,20.09%,01/15/19
$SPX,2610.3,Call,3150.00,59,03/15/19,0.10,0.2,0.30,0.16,4,16692,0,16.44%,01/15/19
$SPX,2610.3,Put,2750.00,59,03/15/19,152.80,154.85,156.90,155.47,4,28050,0,17.83%,01/15/19
$SPX,2610.3,Call,2685.00,59,03/15/19,27.20,27.45,27.70,25.10,93,252,0.37,12.41%,01/14/19
$SPX,2610.3,Put,2685.00,59,03/15/19,107.00,107.4,107.80,109.80,5,23,0.22,17.74%,01/15/19
$SPX,2610.3,Put,2745.00,59,03/15/19,148.70,150.7,152.70,151.42,4,90,0.04,17.74%,01/15/19
$SPX,2610.3,Call,2450.00,59,03/15/19,179.50,181.3,183.10,187.00,200,13410,0.01,17.10%,01/15/19
$SPX,2610.3,Call,2690.00,59,03/15/19,25.00,25.35,25.70,24.30,1,5138,0,11.97%,01/15/19
$SPX,2610.3,Put,2700.00,59,03/15/19,116.80,117.25,117.70,142.30,2,158,0.01,17.14%,01/11/19
$SPX,2610.3,Call,2570.00,59,03/15/19,88.30,88.7,89.10,90.30,8,301,0.03,14.51%,01/15/19
$SPX,2610.3,Call,2770.00,59,03/15/19,7.00,7.2,7.40,7.40,10,252,0.04,11.55%,01/15/19
$SPX,2610.3,Put,2585.00,59,03/15/19,58.20,58.65,59.10,63.20,1429,14831,0.1,19.45%,01/15/19
$SPX,2610.3,Call,3010.00,59,03/15/19,0.30,0.4,0.50,0.30,3,112,0.03,14.11%,01/11/19
$SPX,2610.3,Put,3000.00,59,03/15/19,384.30,393.3,402.30,414.72,4,5,0.8,28.23%,01/14/19
$SPX,2610.3,Put,2490.00,59,03/15/19,33.60,33.95,34.30,33.52,25,9897,0,20.50%,01/15/19
$SPX,2610.3,Put,2785.00,59,03/15/19,182.90,185.1,187.30,210.80,4,34,0.12,18.59%,01/14/19
$SPX,2610.3,Call,2655.00,59,03/15/19,39.40,39.75,40.10,41.90,44,173,0.25,13.37%,01/15/19
$SPX,2610.3,Call,2355.00,59,03/15/19,262.50,264.5,266.50,243.87,1,3342,0,8.12%,01/14/19
$SPX,2610.3,Call,2870.00,59,03/15/19,1.35,1.45,1.55,1.25,5,4165,0,11.80%,01/14/19
$SPX,2610.3,Put,2505.00,59,03/15/19,37.10,37.4,37.70,35.30,46,130,0.35,19.77%,01/15/19
$SPX,2610.3,Call,2850.00,59,03/15/19,1.85,1.95,2.05,1.57,7,531,0.01,11.64%,01/14/19
$SPX,2610.3,Call,2785.00,59,03/15/19,5.50,5.7,5.90,5.55,4,171,0.02,11.40%,01/15/19
$SPX,2610.3,Call,2480.00,59,03/15/19,154.70,156.4,158.10,149.45,32,8860,0,11.76%,01/15/19
$SPX,2610.3,Put,2790.00,59,03/15/19,187.40,189.6,191.80,203.33,70,235,0.3,22.94%,01/15/19
$SPX,2610.3,Call,2200.00,59,03/15/19,403.30,411.3,419.30,379.24,1,548,0,0.00%,01/14/19
$SPX,2610.3,Put,2480.00,59,03/15/19,32.20,32.5,32.80,31.68,6,442,0.01,20.76%,01/15/19
$SPX,2610.3,Call,2550.00,59,03/15/19,101.10,102.55,104.00,104.29,21,21490,0,14.79%,01/15/19
$SPX,2610.3,Call,2930.00,59,03/15/19,0.65,0.75,0.85,1.05,1,250,0,12.68%,01/09/19
$SPX,2610.3,Call,2835.00,59,03/15/19,2.35,2.45,2.55,2.55,1,208,0,11.63%,01/15/19
$SPX,2610.3,Call,2465.00,59,03/15/19,167.30,169.1,170.90,155.90,1,38,0.03,14.86%,01/14/19
$SPX,2610.3,Put,2675.00,59,03/15/19,100.80,101.2,101.60,107.20,2,141,0.01,18.64%,01/15/19
$SPX,2610.3,Put,2475.00,59,03/15/19,30.80,31.15,31.50,31.20,946,27203,0.03,21.02%,01/15/19
$SPX,2610.3,Call,2530.00,59,03/15/19,117.00,117.4,117.80,114.40,2,46,0.04,13.68%,01/15/19
$SPX,2610.3,Call,2820.00,59,03/15/19,2.90,3.05,3.20,2.74,10,1090,0.01,11.16%,01/15/19
$SPX,2610.3,Put,2510.00,59,03/15/19,37.60,37.95,38.30,39.79,5,11120,0,20.62%,01/15/19
$SPX,2610.3,Call,2545.00,59,03/15/19,105.90,106.3,106.70,111.10,1,51,0.02,15.73%,01/15/19
$SPX,2610.3,Put,2820.00,59,03/15/19,209.70,216.15,222.60,211.18,8,48,0.17,17.64%,01/15/19
$SPX,2610.3,Call,2280.00,59,03/15/19,331.80,333.95,336.10,325.78,83,84,0.99,9.73%,01/11/19
$SPX,2610.3,Call,1700.00,59,03/15/19,893.10,902.1,911.10,880.43,1,1,1,0.00%,01/14/19
$SPX,2610.3,Put,2470.00,59,03/15/19,30.00,30.3,30.60,28.92,84,11087,0.01,20.70%,01/15/19
$SPX,2610.3,Call,2910.00,59,03/15/19,0.80,0.9,1.00,0.75,90,611,0.15,12.01%,01/15/19
$SPX,2610.3,Put,2650.00,59,03/15/19,86.80,87.2,87.60,92.10,7,343,0.02,18.56%,01/15/19
$SPX,2610.3,Call,2660.00,59,03/15/19,36.80,37.15,37.50,35.70,5,2868,0,12.32%,01/15/19
$SPX,2610.3,Call,2705.00,59,03/15/19,20.60,20.85,21.10,21.22,1,211,0,12.26%,01/15/19
$SPX,2610.3,Call,2475.00,59,03/15/19,158.80,160.5,162.20,161.01,35,22832,0,14.95%,01/15/19
$SPX,2610.3,Call,2800.00,59,03/15/19,4.20,4.35,4.50,4.46,81,627,0.13,11.49%,01/15/19
$SPX,2610.3,Call,2610.00,59,03/15/19,62.50,63,63.50,65.00,11645,4177,2.79,13.93%,01/15/19
$SPX,2610.3,Put,2690.00,59,03/15/19,108.80,110.4,112.00,136.63,10,281,0.04,17.08%,01/09/19
$SPX,2610.3,Call,2750.00,59,03/15/19,10.10,10.35,10.60,11.10,7,902,0.01,11.96%,01/15/19
$SPX,2610.3,Call,2635.00,59,03/15/19,49.20,49.5,49.80,49.40,15,180,0.08,13.12%,01/15/19
$SPX,2610.3,Put,2560.00,59,03/15/19,50.20,50.65,51.10,49.10,29,13182,0,18.50%,01/15/19
$SPX,2610.3,Put,2770.00,59,03/15/19,169.80,171.9,174.00,191.95,3,9,0.33,18.16%,01/14/19
$SPX,2610.3,Put,2755.00,59,03/15/19,157.10,159.15,161.20,180.40,1,1,1,17.80%,01/14/19
$SPX,2610.3,Put,2595.00,59,03/15/19,62.40,62.75,63.10,75.20,11,112,0.1,18.25%,01/14/19
$SPX,2610.3,Call,2000.00,59,03/15/19,598.90,606.25,613.60,588.34,3,707,0,0.00%,01/14/19
$SPX,2610.3,Put,2645.00,59,03/15/19,84.20,84.6,85.00,83.30,19,52,0.37,17.12%,01/15/19
$SPX,2610.3,Call,2495.00,59,03/15/19,142.70,144.35,146.00,144.33,32,10732,0,14.74%,01/15/19
$SPX,2610.3,Call,2760.00,59,03/15/19,8.30,8.5,8.70,9.10,2,4642,0,11.75%,01/15/19
$SPX,2610.3,Call,2875.00,59,03/15/19,1.30,1.4,1.50,1.20,1,255,0,11.62%,01/15/19
$SPX,2610.3,Call,2670.00,59,03/15/19,32.50,32.9,33.30,28.80,87,2374,0.04,12.54%,01/14/19
$SPX,2610.3,Call,3100.00,59,03/15/19,0.15,0.25,0.35,0.12,4,149,0.03,15.87%,01/09/19
$SPX,2610.3,Put,2625.00,59,03/15/19,74.70,75.05,75.40,75.45,14,208,0.07,17.81%,01/15/19
$SPX,2610.3,Call,2790.00,59,03/15/19,4.90,5.05,5.20,4.55,19,3687,0.01,11.37%,01/14/19
$SPX,2610.3,Call,2840.00,59,03/15/19,2.15,2.28,2.40,2.75,80,538,0.15,11.57%,01/11/19
$SPX,2610.3,Put,2680.00,59,03/15/19,103.80,104.25,104.70,110.80,1,375,0,18.76%,01/15/19
$SPX,2610.3,Put,2830.00,59,03/15/19,221.20,226.5,231.80,243.50,1,2,0.5,20.20%,01/11/19
$SPX,2610.3,Put,2640.00,59,03/15/19,81.00,81.55,82.10,81.07,162,567,0.29,17.25%,01/15/19
$SPX,2610.3,Call,2375.00,59,03/15/19,244.80,246.8,248.80,225.25,6,68,0.09,6.81%,01/14/19
$SPX,2610.3,Put,2555.00,59,03/15/19,49.30,49.65,50.00,47.50,51,143,0.36,18.57%,01/15/19
$SPX,2610.3,Call,2650.00,59,03/15/19,41.80,42.1,42.40,44.00,13,628,0.02,13.38%,01/15/19
$SPX,2610.3,Call,2735.00,59,03/15/19,12.90,13.15,13.40,14.30,27,194,0.14,12.18%,01/15/19
$SPX,2610.3,Call,2605.00,59,03/15/19,65.90,66.3,66.70,69.10,37,117,0.32,13.61%,01/10/19
$SPX,2610.3,Call,2405.00,59,03/15/19,218.30,220.25,222.20,218.00,6,17,0.35,10.63%,01/15/19
$SPX,2610.3,Call,2675.00,59,03/15/19,31.00,31.25,31.50,32.10,18,292,0.06,12.77%,01/15/19
$SPX,2610.3,Call,2630.00,59,03/15/19,51.30,51.75,52.20,46.95,1,4499,0,13.13%,01/14/19
$SPX,2610.3,Call,2585.00,59,03/15/19,78.40,78.75,79.10,76.50,49,144,0.34,13.33%,01/15/19
$SPX,2610.3,Put,2550.00,59,03/15/19,47.40,47.8,48.20,46.63,1853,25008,0.07,18.83%,01/15/19
$SPX,2610.3,Put,2530.00,59,03/15/19,42.70,43,43.30,41.20,6,218,0.03,19.24%,01/15/19
$SPX,2610.3,Call,2640.00,59,03/15/19,46.60,46.95,47.30,45.10,1,167,0.01,12.62%,01/15/19
$SPX,2610.3,Call,2620.00,59,03/15/19,56.80,57.25,57.70,61.18,4,2198,0,14.23%,01/15/19
$SPX,2610.3,Put,2615.00,59,03/15/19,70.30,70.7,71.10,84.30,36,88,0.41,17.88%,01/14/19
$SPX,2610.3,Call,2325.00,59,03/15/19,290.10,292.15,294.20,287.20,2,2,1,9.72%,01/15/19
$SPX,2610.3,Call,2560.00,59,03/15/19,94.00,95.4,96.80,97.46,1,12956,0,14.72%,01/15/19
$SPX,2610.3,Put,2535.00,59,03/15/19,44.00,44.3,44.60,44.45,28,299,0.09,19.66%,01/15/19
$SPX,2610.3,Call,1000.00,59,03/15/19,1589.40,1598.15,1606.90,1603.00,5600,42752,0.13,0.00%,01/15/19
$SPX,2610.3,Call,2955.00,59,03/15/19,0.45,0.58,0.70,0.70,2,6,0.33,13.38%,01/15/19
$SPX,2610.3,Call,2600.00,59,03/15/19,69.00,69.35,69.70,70.60,819,662,1.24,13.99%,01/15/19
$SPX,2610.3,Call,2730.00,59,03/15/19,13.80,14.05,14.30,13.15,4,410,0.01,11.47%,01/15/19
$SPX,2610.3,Put,2665.00,59,03/15/19,95.00,95.4,95.80,91.20,2,89,0.02,16.22%,01/15/19
$SPX,2610.3,Call,2890.00,59,03/15/19,1.05,1.15,1.25,1.70,7,107,0.07,12.08%,01/09/19
$SPX,2610.3,Put,2715.00,59,03/15/19,120.40,126.4,132.40,140.50,1,74,0.01,16.83%,01/11/19
$SPX,2610.3,Call,2780.00,59,03/15/19,5.80,6,6.20,6.50,29,494,0.06,11.64%,01/15/19
$SPX,2610.3,Put,2500.00,59,03/15/19,36.10,36.35,36.60,34.80,84,335,0.25,20.05%,01/15/19
$SPX,2610.3,Put,2825.00,59,03/15/19,216.50,221.55,226.60,228.85,1,5,0.2,22.38%,01/15/19
"Downloaded from Barchart.com as of 01-16-2019 01:03am CST"
